tiempo,instancia,interacion
11.982678,AMPL1,0
45.428661,AMPL1,1
78.28683,AMPL1,2
110.026723,AMPL1,3
144.311564,AMPL1,4
182.641566,AMPL1,5
219.916959,AMPL1,6
255.972692,AMPL1,7
290.991742,AMPL1,8
327.56194,AMPL1,9
360.12034,AMPL1,10
395.530479,AMPL1,11
435.389324,AMPL1,12
460.314185,AMPL1,13
483.35942,AMPL1,14
511.309637,AMPL1,15
542.20689,AMPL1,16
593.873997,AMPL1,17
630.82016,AMPL1,18
671.535138,AMPL1,19
713.567134,AMPL1,20
754.552115,AMPL1,21
791.083763,AMPL1,22
826.218788,AMPL1,23
866.642665,AMPL1,24
949.077066,AMPL1,25
1050.410647,AMPL1,26
1085.55201,AMPL1,27
1163.520574,AMPL1,28
1224.556498,AMPL1,29
1267.583123,AMPL1,30
1323.823718,AMPL1,31
1378.422987,AMPL1,32
1412.316066,AMPL1,33
1446.229354,AMPL1,34
1481.136448,AMPL1,35
1512.625216,AMPL1,36
1545.181272,AMPL1,37
1581.503197,AMPL1,38
1637.596894,AMPL1,39
1676.295401,AMPL1,40
1714.167359,AMPL1,41
1766.186632,AMPL1,42
1823.049001,AMPL1,43
1870.921034,AMPL1,44
1912.701008,AMPL1,45
2031.972737,AMPL1,46
2158.938407,AMPL1,47
2211.024777,AMPL1,48
2267.845215,AMPL1,49
2413.55263,AMPL1,50
2636.548793,AMPL1,51
2684.445032,AMPL1,52
2781.767046,AMPL1,53
2873.481275,AMPL1,54
2968.704432,AMPL1,55
3014.271552,AMPL1,56
3096.540159,AMPL1,57
3200.606493,AMPL1,58
3285.453794,AMPL1,59
3359.923573,AMPL1,60
3423.704733,AMPL1,61
3475.275369,AMPL1,62
3685.922575,AMPL1,63
3799.721356,AMPL1,64
3955.895098,AMPL1,65
4271.337349,AMPL1,66
4422.834807,AMPL1,67
4565.421928,AMPL1,68
5571.126625,AMPL1,69
5707.578919,AMPL1,70
6265.57993,AMPL1,71
6473.835485,AMPL1,72
6703.529045,AMPL1,73
6921.344049,AMPL1,74
7100.995657,AMPL1,75
7266.314918,AMPL1,76
7416.172933,AMPL1,77
7520.867988,AMPL1,78
7667.840165,AMPL1,79
7796.363671,AMPL1,80
7860.259457,AMPL1,81
7990.753981,AMPL1,82
8077.017646,AMPL1,83
8139.00227,AMPL1,84
8282.048821,AMPL1,85
8352.84068,AMPL1,86
8479.148924,AMPL1,87
8601.527856,AMPL1,88
8644.510563,AMPL1,89
8708.615151,AMPL1,90
8811.375083,AMPL1,91
8858.000182,AMPL1,92
8969.145599,AMPL1,93
9084.344742,AMPL1,94
9171.497115,AMPL1,95
9210.1093,AMPL1,96
9300.944015,AMPL1,97
9362.321474,AMPL1,98
9417.430275,AMPL1,99
9459.302175,AMPL1,100
9508.90309,AMPL1,101
9547.061847,AMPL1,102
9582.980592,AMPL1,103
9620.212898,AMPL1,104
9797.954073,AMPL1,105
9841.339008,AMPL1,106
9885.347287,AMPL1,107
10049.236551,AMPL1,108
10116.64709,AMPL1,109
10208.609398,AMPL1,110
10266.77054,AMPL1,111
10430.486896,AMPL1,112
10481.662342,AMPL1,113
10543.704405,AMPL1,114
10628.947374,AMPL1,115
10688.138459,AMPL1,116
10729.53341,AMPL1,117
10941.056479,AMPL1,118
11050.46305,AMPL1,119
11107.445812,AMPL1,120
11213.481202,AMPL1,121
11270.061615,AMPL1,122
11314.749863,AMPL1,123
11352.004075,AMPL1,124
11412.28521,AMPL1,125
11555.575524,AMPL1,126
11634.475283,AMPL1,127
11672.883845,AMPL1,128
11720.929978,AMPL1,129
11762.813917,AMPL1,130
11808.930078,AMPL1,131
11844.749258,AMPL1,132
11884.52193,AMPL1,133
11917.687046,AMPL1,134
11957.550772,AMPL1,135
12002.649168,AMPL1,136
12094.326857,AMPL1,137
12127.000278,AMPL1,138
12160.274058,AMPL1,139
12205.114857,AMPL1,140
12246.434236,AMPL1,141
12290.150081,AMPL1,142
12326.888115,AMPL1,143
12378.256354,AMPL1,144
12416.455652,AMPL1,145
12453.218769,AMPL1,146
12498.592968,AMPL1,147
12517.713568,AMPL1,148
12535.501122,AMPL1,149
12546.970531,AMPL1,150
12560.926906,AMPL1,151
12572.592687,AMPL1,152
12584.296665,AMPL1,153
12596.32049,AMPL1,154
12607.536886,AMPL1,155
12618.680672,AMPL1,156
12630.544255,AMPL1,157
12642.01079,AMPL1,158
12653.438969,AMPL1,159
12664.973255,AMPL1,160
12676.324959,AMPL1,161
12688.231235,AMPL1,162
12699.684487,AMPL1,163
12710.869292,AMPL1,164
12722.3479,AMPL1,165
12733.539538,AMPL1,166
12744.757911,AMPL1,167
12755.66557,AMPL1,168
13070.615916,AMPL1,169
13338.972784,AMPL1,170
13621.571958,AMPL1,171
13942.341567,AMPL1,172
14193.064931,AMPL1,173
14521.593881,AMPL1,174
14776.91231,AMPL1,175
15029.386822,AMPL1,176
15302.800565,AMPL1,177
15570.757018,AMPL1,178
15820.557445,AMPL1,179
16076.781565,AMPL1,180
16328.394709,AMPL1,181
16573.277463,AMPL1,182
16834.700521,AMPL1,183
17097.074585,AMPL1,184
17373.160973,AMPL1,185
17623.478059,AMPL1,186
17890.579246,AMPL1,187
18157.047512,AMPL1,188
18414.790705,AMPL1,189
5.193684,AMPL2,0
14.424565,AMPL2,1
27.866851,AMPL2,2
43.331025,AMPL2,3
64.242237,AMPL2,4
85.645619,AMPL2,5
98.219558,AMPL2,6
116.858058,AMPL2,7
130.506503,AMPL2,8
150.924399,AMPL2,9
166.489907,AMPL2,10
196.944425,AMPL2,11
220.197805,AMPL2,12
238.67343,AMPL2,13
265.061763,AMPL2,14
301.57279,AMPL2,15
330.479369,AMPL2,16
346.175635,AMPL2,17
377.375298,AMPL2,18
399.459478,AMPL2,19
427.043899,AMPL2,20
455.627974,AMPL2,21
485.912631,AMPL2,22
537.244069,AMPL2,23
569.330777,AMPL2,24
619.901844,AMPL2,25
3161.301462,AMPL2,26
3220.892201,AMPL2,27
4635.545659,AMPL2,28
4863.380353,AMPL2,29
5412.492746,AMPL2,30
6477.651683,AMPL2,31
6999.028585,AMPL2,32
7053.86888,AMPL2,33
7724.190115,AMPL2,34
7763.190895,AMPL2,35
7806.593074,AMPL2,36
7957.023523,AMPL2,37
7992.738684,AMPL2,38
8020.244142,AMPL2,39
8045.845951,AMPL2,40
8078.614409,AMPL2,41
8114.272008,AMPL2,42
8142.092084,AMPL2,43
8174.617323,AMPL2,44
8203.431842,AMPL2,45
8233.888693,AMPL2,46
8257.200481,AMPL2,47
8286.643831,AMPL2,48
8315.835885,AMPL2,49
8339.167196,AMPL2,50
8375.38693,AMPL2,51
8408.132802,AMPL2,52
8442.016094,AMPL2,53
8486.28414,AMPL2,54
8717.516625,AMPL2,55
8758.698081,AMPL2,56
8790.77361,AMPL2,57
8818.73454,AMPL2,58
8853.860694,AMPL2,59
8888.241366,AMPL2,60
8919.558926,AMPL2,61
8948.727057,AMPL2,62
8999.471575,AMPL2,63
9136.646212,AMPL2,64
9196.882098,AMPL2,65
9239.171817,AMPL2,66
9292.905989,AMPL2,67
9479.628587,AMPL2,68
9538.74881,AMPL2,69
9743.310041,AMPL2,70
9784.355628,AMPL2,71
9988.783636,AMPL2,72
10213.515076,AMPL2,73
10253.125386,AMPL2,74
10287.478413,AMPL2,75
10326.62672,AMPL2,76
10372.153683,AMPL2,77
10412.980297,AMPL2,78
10446.879777,AMPL2,79
10488.96927,AMPL2,80
10640.164778,AMPL2,81
10703.361986,AMPL2,82
10806.267272,AMPL2,83
10884.738589,AMPL2,84
10915.516156,AMPL2,85
10948.880439,AMPL2,86
10981.027211,AMPL2,87
11143.619809,AMPL2,88
11200.571425,AMPL2,89
11279.504766,AMPL2,90
11331.602898,AMPL2,91
11415.895115,AMPL2,92
11468.387622,AMPL2,93
11505.922285,AMPL2,94
11544.188015,AMPL2,95
11583.569305,AMPL2,96
11646.029478,AMPL2,97
11693.123867,AMPL2,98
11757.488286,AMPL2,99
11806.05347,AMPL2,100
11876.393555,AMPL2,101
11932.044723,AMPL2,102
12004.553622,AMPL2,103
12058.745275,AMPL2,104
12098.798782,AMPL2,105
12147.356709,AMPL2,106
12191.05408,AMPL2,107
12236.244346,AMPL2,108
12273.192204,AMPL2,109
12318.874097,AMPL2,110
12352.39715,AMPL2,111
12401.899856,AMPL2,112
12444.620798,AMPL2,113
12472.343534,AMPL2,114
12512.10977,AMPL2,115
12538.69785,AMPL2,116
12567.867527,AMPL2,117
12592.03873,AMPL2,118
12621.271856,AMPL2,119
12695.79028,AMPL2,120
12719.561915,AMPL2,121
12741.526168,AMPL2,122
12821.090111,AMPL2,123
12845.121859,AMPL2,124
12874.359278,AMPL2,125
13054.020192,AMPL2,126
13111.236449,AMPL2,127
13131.857519,AMPL2,128
13151.651552,AMPL2,129
13173.005677,AMPL2,130
13263.559033,AMPL2,131
13314.076395,AMPL2,132
13335.134424,AMPL2,133
13799.216213,AMPL2,134
13895.430595,AMPL2,135
14004.682321,AMPL2,136
14047.900586,AMPL2,137
14087.036562,AMPL2,138
14124.982869,AMPL2,139
14159.435138,AMPL2,140
14189.274999,AMPL2,141
14220.503153,AMPL2,142
14253.275465,AMPL2,143
14286.77418,AMPL2,144
14315.897878,AMPL2,145
14355.778529,AMPL2,146
14385.183005,AMPL2,147
14411.675876,AMPL2,148
14443.540606,AMPL2,149
14468.734212,AMPL2,150
14494.128879,AMPL2,151
14520.453735,AMPL2,152
14548.194388,AMPL2,153
14571.792673,AMPL2,154
14599.011454,AMPL2,155
14643.527904,AMPL2,156
14682.041325,AMPL2,157
14706.588574,AMPL2,158
14738.521429,AMPL2,159
14762.738361,AMPL2,160
14795.809607,AMPL2,161
14821.566915,AMPL2,162
14848.492494,AMPL2,163
14897.390767,AMPL2,164
14922.422958,AMPL2,165
14942.606774,AMPL2,166
14962.750107,AMPL2,167
14991.310839,AMPL2,168
15016.000442,AMPL2,169
15056.503238,AMPL2,170
15089.207032,AMPL2,171
15118.114446,AMPL2,172
15159.775274,AMPL2,173
15186.34233,AMPL2,174
15209.630858,AMPL2,175
15233.533635,AMPL2,176
15258.611365,AMPL2,177
15280.550266,AMPL2,178
15302.118605,AMPL2,179
15325.028007,AMPL2,180
15349.998284,AMPL2,181
15371.228516,AMPL2,182
15393.91897,AMPL2,183
15415.058233,AMPL2,184
15436.394799,AMPL2,185
15456.683394,AMPL2,186
15478.157289,AMPL2,187
15503.700058,AMPL2,188
15526.217163,AMPL2,189
15556.676959,AMPL2,190
15579.16405,AMPL2,191
15601.108973,AMPL2,192
15622.532315,AMPL2,193
15643.22155,AMPL2,194
15664.977221,AMPL2,195
15680.274866,AMPL2,196
16510.948305,AMPL2,197
16670.927502,AMPL2,198
16786.9584,AMPL2,199
16867.311341,AMPL2,200
18099.645823,AMPL2,201
18193.604738,AMPL2,202
18808.449391,AMPL2,203
18861.697451,AMPL2,204
18944.140508,AMPL2,205
19032.458799,AMPL2,206
19367.971885,AMPL2,207
19979.405366,AMPL2,208
20297.863849,AMPL2,209
20345.465817,AMPL2,210
20371.651547,AMPL2,211
20400.614164,AMPL2,212
20428.777739,AMPL2,213
20454.835415,AMPL2,214
20485.92588,AMPL2,215
20520.503935,AMPL2,216
20547.533817,AMPL2,217
20580.788726,AMPL2,218
20608.352545,AMPL2,219
20636.460736,AMPL2,220
20657.4359,AMPL2,221
20681.472566,AMPL2,222
20706.062875,AMPL2,223
20729.170705,AMPL2,224
20750.432737,AMPL2,225
20773.278395,AMPL2,226
20794.475327,AMPL2,227
20815.409629,AMPL2,228
20837.424994,AMPL2,229
20861.5376,AMPL2,230
20881.391697,AMPL2,231
20902.228154,AMPL2,232
20918.595232,AMPL2,233
20936.955474,AMPL2,234
20961.952144,AMPL2,235
20987.03556,AMPL2,236
21010.782884,AMPL2,237
21034.19343,AMPL2,238
21058.283892,AMPL2,239
21077.96491,AMPL2,240
21098.111309,AMPL2,241
21118.252892,AMPL2,242
21136.859616,AMPL2,243
21155.959211,AMPL2,244
21174.829603,AMPL2,245
21193.774707,AMPL2,246
21213.140831,AMPL2,247
21232.002079,AMPL2,248
21250.153479,AMPL2,249
21268.576567,AMPL2,250
21290.088141,AMPL2,251
21309.988725,AMPL2,252
21329.666332,AMPL2,253
21348.140873,AMPL2,254
21366.326912,AMPL2,255
21384.689371,AMPL2,256
21403.265924,AMPL2,257
21421.698682,AMPL2,258
21438.765521,AMPL2,259
21458.921981,AMPL2,260
21477.973751,AMPL2,261
21496.408367,AMPL2,262
21514.460733,AMPL2,263
21533.209885,AMPL2,264
21550.378784,AMPL2,265
21737.020606,AMPL2,266
22287.651536,AMPL2,267
22534.91818,AMPL2,268
22789.457466,AMPL2,269
22830.533388,AMPL2,270
22866.69722,AMPL2,271
22893.267642,AMPL2,272
22921.070881,AMPL2,273
22976.541503,AMPL2,274
23015.445496,AMPL2,275
23042.256609,AMPL2,276
23067.512485,AMPL2,277
23089.816318,AMPL2,278
23118.631299,AMPL2,279
23149.150038,AMPL2,280
23174.773525,AMPL2,281
23196.528632,AMPL2,282
23216.824671,AMPL2,283
23241.167713,AMPL2,284
23260.965083,AMPL2,285
23280.374327,AMPL2,286
23306.810559,AMPL2,287
23326.234912,AMPL2,288
23354.548962,AMPL2,289
23386.156404,AMPL2,290
23421.428174,AMPL2,291
23469.858818,AMPL2,292
23508.234831,AMPL2,293
23552.328038,AMPL2,294
23581.694514,AMPL2,295
23606.45055,AMPL2,296
23632.192901,AMPL2,297
23656.560675,AMPL2,298
23677.041421,AMPL2,299
23701.356053,AMPL2,300
23720.862539,AMPL2,301
23747.377131,AMPL2,302
23770.612164,AMPL2,303
23788.833441,AMPL2,304
23811.459128,AMPL2,305
23832.592794,AMPL2,306
23853.06307,AMPL2,307
23872.021207,AMPL2,308
23892.524659,AMPL2,309
23909.172518,AMPL2,310
23931.913538,AMPL2,311
23948.942744,AMPL2,312
23965.921574,AMPL2,313
23982.056686,AMPL2,314
23999.890828,AMPL2,315
24019.86374,AMPL2,316
24036.862712,AMPL2,317
24054.641747,AMPL2,318
24072.400502,AMPL2,319
24089.294048,AMPL2,320
24107.403462,AMPL2,321
24132.666088,AMPL2,322
24218.691518,AMPL2,323
24242.635639,AMPL2,324
24285.645428,AMPL2,325
24306.917005,AMPL2,326
24333.387498,AMPL2,327
24352.700952,AMPL2,328
24372.887068,AMPL2,329
24390.862395,AMPL2,330
24409.179444,AMPL2,331
24428.24297,AMPL2,332
24445.037078,AMPL2,333
24464.614182,AMPL2,334
24482.272085,AMPL2,335
24499.857152,AMPL2,336
24518.006786,AMPL2,337
24536.001389,AMPL2,338
24553.600339,AMPL2,339
24572.69764,AMPL2,340
24589.764211,AMPL2,341
24607.835481,AMPL2,342
24626.316498,AMPL2,343
24644.04311,AMPL2,344
24660.606792,AMPL2,345
24679.477561,AMPL2,346
24699.283214,AMPL2,347
24718.338457,AMPL2,348
24737.378967,AMPL2,349
24755.578304,AMPL2,350
24773.781644,AMPL2,351
24790.091258,AMPL2,352
24806.638987,AMPL2,353
24822.949995,AMPL2,354
24839.01157,AMPL2,355
24856.29046,AMPL2,356
24871.81598,AMPL2,357
24887.891205,AMPL2,358
24903.944256,AMPL2,359
24920.273151,AMPL2,360
24935.850695,AMPL2,361
24951.403603,AMPL2,362
24966.583691,AMPL2,363
24982.798378,AMPL2,364
25000.00872,AMPL2,365
25014.777484,AMPL2,366
25030.35933,AMPL2,367
25045.872389,AMPL2,368
25062.415915,AMPL2,369
25078.497492,AMPL2,370
25094.271777,AMPL2,371
25110.544481,AMPL2,372
25124.132604,AMPL2,373
25138.209268,AMPL2,374
25151.209395,AMPL2,375
25162.765808,AMPL2,376
25174.119124,AMPL2,377
25259.374655,AMPL2,378
25282.838479,AMPL2,379
25305.071571,AMPL2,380
25323.879541,AMPL2,381
25339.342293,AMPL2,382
25353.373147,AMPL2,383
25369.519822,AMPL2,384
25383.990614,AMPL2,385
25397.272668,AMPL2,386
25410.197542,AMPL2,387
25431.788484,AMPL2,388
25446.694626,AMPL2,389
25461.421774,AMPL2,390
25474.979478,AMPL2,391
25488.272839,AMPL2,392
25502.288128,AMPL2,393
25517.206587,AMPL2,394
25531.583281,AMPL2,395
25544.217776,AMPL2,396
25556.853887,AMPL2,397
25569.561807,AMPL2,398
25581.905069,AMPL2,399
25593.048426,AMPL2,400
25606.876886,AMPL2,401
25620.552193,AMPL2,402
25634.448698,AMPL2,403
25649.069787,AMPL2,404
25660.508679,AMPL2,405
25672.786997,AMPL2,406
25684.6384,AMPL2,407
25724.558953,AMPL2,408
25743.058084,AMPL2,409
25761.444268,AMPL2,410
25776.828249,AMPL2,411
25790.977741,AMPL2,412
25811.745703,AMPL2,413
25828.190289,AMPL2,414
25842.654513,AMPL2,415
25857.766749,AMPL2,416
25870.385643,AMPL2,417
25883.131776,AMPL2,418
25897.438041,AMPL2,419
25910.766728,AMPL2,420
25931.369024,AMPL2,421
25948.995891,AMPL2,422
25965.503224,AMPL2,423
25979.359212,AMPL2,424
25992.631324,AMPL2,425
26006.248907,AMPL2,426
26019.941014,AMPL2,427
26033.657926,AMPL2,428
26047.23691,AMPL2,429
26061.22092,AMPL2,430
26074.869399,AMPL2,431
26087.479106,AMPL2,432
26101.354853,AMPL2,433
26113.916803,AMPL2,434
26125.305968,AMPL2,435
26136.745249,AMPL2,436
26148.327523,AMPL2,437
26161.622458,AMPL2,438
26173.638335,AMPL2,439
26430.136035,AMPL2,440
26454.267761,AMPL2,441
26475.267396,AMPL2,442
26490.961203,AMPL2,443
26508.366477,AMPL2,444
26524.265198,AMPL2,445
26538.273092,AMPL2,446
26552.736409,AMPL2,447
26566.740663,AMPL2,448
26580.144969,AMPL2,449
26597.199838,AMPL2,450
26615.037161,AMPL2,451
26629.414613,AMPL2,452
26644.267671,AMPL2,453
26657.552676,AMPL2,454
26671.303086,AMPL2,455
26687.376398,AMPL2,456
26701.914441,AMPL2,457
26718.362861,AMPL2,458
26732.882949,AMPL2,459
26754.209429,AMPL2,460
26769.657965,AMPL2,461
26783.032233,AMPL2,462
26796.555284,AMPL2,463
26810.164143,AMPL2,464
26824.133372,AMPL2,465
26837.507955,AMPL2,466
26849.899202,AMPL2,467
26862.972214,AMPL2,468
26877.364069,AMPL2,469
26891.275644,AMPL2,470
26914.946987,AMPL2,471
26936.232812,AMPL2,472
26950.169916,AMPL2,473
26963.632027,AMPL2,474
26977.265222,AMPL2,475
26999.720178,AMPL2,476
27017.895974,AMPL2,477
27031.689718,AMPL2,478
27044.882241,AMPL2,479
27055.725145,AMPL2,480
27067.807572,AMPL2,481
27078.38695,AMPL2,482
27089.224304,AMPL2,483
27100.408589,AMPL2,484
27111.037599,AMPL2,485
27249.630197,AMPL2,486
27277.332876,AMPL2,487
27308.730073,AMPL2,488
27327.36166,AMPL2,489
27358.586851,AMPL2,490
27389.5062,AMPL2,491
27403.111212,AMPL2,492
27415.440463,AMPL2,493
27432.46359,AMPL2,494
27444.786579,AMPL2,495
27457.820751,AMPL2,496
27469.200443,AMPL2,497
27480.652687,AMPL2,498
27495.651805,AMPL2,499
27508.138299,AMPL2,500
27521.7428,AMPL2,501
27532.378163,AMPL2,502
27543.556303,AMPL2,503
27555.378468,AMPL2,504
27566.966682,AMPL2,505
27579.710755,AMPL2,506
27592.546842,AMPL2,507
27604.568132,AMPL2,508
27615.955606,AMPL2,509
27626.935836,AMPL2,510
27638.791081,AMPL2,511
27650.019602,AMPL2,512
27661.568604,AMPL2,513
27671.891896,AMPL2,514
27682.324121,AMPL2,515
27790.301591,AMPL2,516
27817.123581,AMPL2,517
27848.531898,AMPL2,518
27878.217736,AMPL2,519
27899.675793,AMPL2,520
27915.644084,AMPL2,521
27930.792855,AMPL2,522
27944.000221,AMPL2,523
27956.999335,AMPL2,524
27969.719884,AMPL2,525
27981.954977,AMPL2,526
27993.579718,AMPL2,527
28004.782574,AMPL2,528
28017.025914,AMPL2,529
28028.152643,AMPL2,530
28040.650425,AMPL2,531
28053.290852,AMPL2,532
28064.30386,AMPL2,533
28074.804338,AMPL2,534
28085.456153,AMPL2,535
28096.415506,AMPL2,536
28169.148822,AMPL2,537
28193.166036,AMPL2,538
28217.681758,AMPL2,539
28242.310191,AMPL2,540
28257.233549,AMPL2,541
28271.971829,AMPL2,542
28286.022692,AMPL2,543
28300.605087,AMPL2,544
28323.380486,AMPL2,545
28341.078789,AMPL2,546
28356.545447,AMPL2,547
28370.103687,AMPL2,548
28382.320339,AMPL2,549
28394.684464,AMPL2,550
28406.238961,AMPL2,551
28416.502903,AMPL2,552
28427.024735,AMPL2,553
28440.261589,AMPL2,554
28452.752819,AMPL2,555
28464.178999,AMPL2,556
28474.049822,AMPL2,557
28484.407038,AMPL2,558
28507.413875,AMPL2,559
28532.376063,AMPL2,560
28546.462594,AMPL2,561
28561.896563,AMPL2,562
28575.246445,AMPL2,563
28587.62747,AMPL2,564
28600.78218,AMPL2,565
28614.177854,AMPL2,566
28627.032156,AMPL2,567
28641.476311,AMPL2,568
28654.099839,AMPL2,569
28667.789234,AMPL2,570
28680.590122,AMPL2,571
28692.025648,AMPL2,572
28703.407162,AMPL2,573
28714.209651,AMPL2,574
28725.028198,AMPL2,575
28794.166519,AMPL2,576
28809.6587,AMPL2,577
28829.163066,AMPL2,578
28874.440984,AMPL2,579
28892.648335,AMPL2,580
28919.253349,AMPL2,581
28934.697467,AMPL2,582
28950.121205,AMPL2,583
28966.199737,AMPL2,584
28981.441057,AMPL2,585
28994.430972,AMPL2,586
29006.286941,AMPL2,587
29018.133846,AMPL2,588
29029.730721,AMPL2,589
29040.628049,AMPL2,590
29051.487597,AMPL2,591
29064.05281,AMPL2,592
29075.69598,AMPL2,593
29086.416435,AMPL2,594
29097.695992,AMPL2,595
29108.719036,AMPL2,596
29120.244438,AMPL2,597
29131.050964,AMPL2,598
29141.117676,AMPL2,599
29169.923907,AMPL2,600
29185.271,AMPL2,601
29197.215989,AMPL2,602
29208.952653,AMPL2,603
29220.26831,AMPL2,604
29231.259058,AMPL2,605
29242.32793,AMPL2,606
29253.368218,AMPL2,607
29263.950468,AMPL2,608
29274.465698,AMPL2,609
29285.245891,AMPL2,610
29295.180252,AMPL2,611
29305.515992,AMPL2,612
29315.631326,AMPL2,613
29325.924546,AMPL2,614
29336.734365,AMPL2,615
29347.089321,AMPL2,616
29356.870305,AMPL2,617
29367.803673,AMPL2,618
29378.409995,AMPL2,619
29388.763332,AMPL2,620
29399.151261,AMPL2,621
29410.645146,AMPL2,622
29421.307768,AMPL2,623
29431.055527,AMPL2,624
29450.292306,AMPL2,625
29466.083208,AMPL2,626
29482.284739,AMPL2,627
29494.19805,AMPL2,628
29505.416702,AMPL2,629
29515.726071,AMPL2,630
29525.943429,AMPL2,631
29536.511675,AMPL2,632
29546.51841,AMPL2,633
29556.645467,AMPL2,634
29566.696199,AMPL2,635
29576.334434,AMPL2,636
29585.683777,AMPL2,637
29596.127945,AMPL2,638
29606.332047,AMPL2,639
29615.950505,AMPL2,640
29625.483902,AMPL2,641
29634.629185,AMPL2,642
29645.671363,AMPL2,643
29655.315828,AMPL2,644
29664.748385,AMPL2,645
29675.448893,AMPL2,646
29688.314247,AMPL2,647
29712.971603,AMPL2,648
29735.030889,AMPL2,649
29760.36276,AMPL2,650
29776.011936,AMPL2,651
29790.545412,AMPL2,652
29804.567206,AMPL2,653
29816.406562,AMPL2,654
29827.460286,AMPL2,655
29838.24189,AMPL2,656
29849.125291,AMPL2,657
29859.485043,AMPL2,658
29871.10322,AMPL2,659
29881.22783,AMPL2,660
29891.599944,AMPL2,661
29902.78691,AMPL2,662
29914.311198,AMPL2,663
29925.024162,AMPL2,664
29935.167244,AMPL2,665
29945.721704,AMPL2,666
29956.120988,AMPL2,667
29967.267226,AMPL2,668
29977.980722,AMPL2,669
29988.396579,AMPL2,670
29998.54743,AMPL2,671
30008.939493,AMPL2,672
30018.827852,AMPL2,673
30028.479097,AMPL2,674
30037.869002,AMPL2,675
30047.511894,AMPL2,676
30056.562267,AMPL2,677
30065.365996,AMPL2,678
30074.43693,AMPL2,679
30085.650053,AMPL2,680
30098.591207,AMPL2,681
30111.871232,AMPL2,682
30132.662802,AMPL2,683
30149.081318,AMPL2,684
30163.808791,AMPL2,685
30176.342988,AMPL2,686
30187.666818,AMPL2,687
30198.076987,AMPL2,688
30208.261586,AMPL2,689
30218.395892,AMPL2,690
30228.405146,AMPL2,691
30238.245774,AMPL2,692
30247.789676,AMPL2,693
30256.824784,AMPL2,694
30265.638044,AMPL2,695
30274.37142,AMPL2,696
30290.373207,AMPL2,697
30302.310216,AMPL2,698
30312.883059,AMPL2,699
30323.070343,AMPL2,700
30332.62416,AMPL2,701
16.520631,AMPL3,0
48.880487,AMPL3,1
93.758917,AMPL3,2
158.648008,AMPL3,3
310.083611,AMPL3,4
426.316921,AMPL3,5
513.204968,AMPL3,6
564.981773,AMPL3,7
645.286352,AMPL3,8
717.413533,AMPL3,9
785.603986,AMPL3,10
818.572919,AMPL3,11
856.861441,AMPL3,12
891.266449,AMPL3,13
925.091837,AMPL3,14
965.505561,AMPL3,15
1024.290659,AMPL3,16
1069.209105,AMPL3,17
1115.178622,AMPL3,18
1155.626112,AMPL3,19
1190.132393,AMPL3,20
1799.4734,AMPL3,21
1843.695948,AMPL3,22
1890.819552,AMPL3,23
1934.95297,AMPL3,24
1983.420956,AMPL3,25
5260.114792,AMPL3,26
5673.642304,AMPL3,27
6116.011135,AMPL3,28
6367.911627,AMPL3,29
6601.831054,AMPL3,30
7286.261148,AMPL3,31
7491.237536,AMPL3,32
8008.943874,AMPL3,33
8435.463639,AMPL3,34
8571.761037,AMPL3,35
8788.854998,AMPL3,36
8960.012034,AMPL3,37
9115.68679,AMPL3,38
9434.02542,AMPL3,39
9581.350382,AMPL3,40
9711.147437,AMPL3,41
9877.51301,AMPL3,42
10044.43822,AMPL3,43
10208.419001,AMPL3,44
11156.869903,AMPL3,45
11636.924187,AMPL3,46
12024.511335,AMPL3,47
12441.094989,AMPL3,48
12643.825327,AMPL3,49
12813.193054,AMPL3,50
12862.508636,AMPL3,51
12946.086915,AMPL3,52
12997.032255,AMPL3,53
13085.996105,AMPL3,54
13154.993184,AMPL3,55
13257.681874,AMPL3,56
13397.442583,AMPL3,57
13508.604689,AMPL3,58
13570.303529,AMPL3,59
13687.94534,AMPL3,60
13764.280847,AMPL3,61
13813.05957,AMPL3,62
13855.389708,AMPL3,63
13904.454531,AMPL3,64
13947.167147,AMPL3,65
13989.492239,AMPL3,66
14028.50357,AMPL3,67
14068.029258,AMPL3,68
14103.190786,AMPL3,69
14143.180884,AMPL3,70
14214.929011,AMPL3,71
14285.384298,AMPL3,72
14334.002565,AMPL3,73
14375.042962,AMPL3,74
14413.795914,AMPL3,75
14458.527046,AMPL3,76
14498.270322,AMPL3,77
14638.395748,AMPL3,78
14786.056426,AMPL3,79
14907.182072,AMPL3,80
15017.076931,AMPL3,81
15059.179,AMPL3,82
15130.651623,AMPL3,83
15227.150569,AMPL3,84
15275.439521,AMPL3,85
15314.10658,AMPL3,86
15359.455861,AMPL3,87
15408.894129,AMPL3,88
15509.407793,AMPL3,89
15598.609813,AMPL3,90
15637.988893,AMPL3,91
15679.180964,AMPL3,92
15717.352705,AMPL3,93
15754.153115,AMPL3,94
15786.583144,AMPL3,95
15821.756944,AMPL3,96
16190.722713,AMPL3,97
16319.860341,AMPL3,98
18232.702655,AMPL3,99
18693.876426,AMPL3,100
19036.380177,AMPL3,101
19339.43003,AMPL3,102
19489.945724,AMPL3,103
19623.795422,AMPL3,104
19749.618751,AMPL3,105
19865.269377,AMPL3,106
20110.705452,AMPL3,107
20224.854634,AMPL3,108
20273.957527,AMPL3,109
20330.701116,AMPL3,110
20442.728502,AMPL3,111
20582.205661,AMPL3,112
20704.95201,AMPL3,113
20820.143996,AMPL3,114
20869.365318,AMPL3,115
21018.167048,AMPL3,116
21212.943383,AMPL3,117
21297.495299,AMPL3,118
21395.721976,AMPL3,119
21436.924647,AMPL3,120
21502.71713,AMPL3,121
21631.057727,AMPL3,122
21713.153662,AMPL3,123
21866.251151,AMPL3,124
21906.296113,AMPL3,125
21950.991885,AMPL3,126
22049.479493,AMPL3,127
22112.564739,AMPL3,128
22158.456678,AMPL3,129
22200.251249,AMPL3,130
22242.308475,AMPL3,131
22291.101207,AMPL3,132
22342.787679,AMPL3,133
22392.944373,AMPL3,134
22436.822862,AMPL3,135
22485.54712,AMPL3,136
22524.227712,AMPL3,137
22562.621096,AMPL3,138
22606.167639,AMPL3,139
22651.775826,AMPL3,140
22691.938721,AMPL3,141
22891.648182,AMPL3,142
23147.450892,AMPL3,143
23315.952777,AMPL3,144
23553.379652,AMPL3,145
23708.424782,AMPL3,146
23768.788236,AMPL3,147
23894.586815,AMPL3,148
23964.989693,AMPL3,149
24097.151997,AMPL3,150
24338.660109,AMPL3,151
24429.062042,AMPL3,152
24550.843572,AMPL3,153
24608.168634,AMPL3,154
24698.579755,AMPL3,155
24756.441571,AMPL3,156
24818.498008,AMPL3,157
25078.623139,AMPL3,158
25200.27793,AMPL3,159
25322.31406,AMPL3,160
25502.325893,AMPL3,161
25630.996224,AMPL3,162
25755.145754,AMPL3,163
25865.294556,AMPL3,164
25965.705947,AMPL3,165
26054.895496,AMPL3,166
26217.864062,AMPL3,167
26276.240405,AMPL3,168
26336.406605,AMPL3,169
26416.705282,AMPL3,170
26484.362387,AMPL3,171
26541.615408,AMPL3,172
26700.158888,AMPL3,173
26766.976104,AMPL3,174
26810.751328,AMPL3,175
26878.271644,AMPL3,176
26930.124643,AMPL3,177
26983.699708,AMPL3,178
27061.03941,AMPL3,179
27333.177698,AMPL3,180
27459.109127,AMPL3,181
33983.994751,AMPL3,182
34188.155192,AMPL3,183
34881.385064,AMPL3,184
40563.818507,AMPL3,185
40760.071317,AMPL3,186
41001.682554,AMPL3,187
41227.272952,AMPL3,188
41506.510964,AMPL3,189
41725.158225,AMPL3,190
41914.328125,AMPL3,191
42055.105185,AMPL3,192
42276.048544,AMPL3,193
42422.381857,AMPL3,194
42594.672691,AMPL3,195
42698.195276,AMPL3,196
42947.271087,AMPL3,197
43122.47386,AMPL3,198
43204.583844,AMPL3,199
43340.440258,AMPL3,200
43548.519408,AMPL3,201
43683.32446,AMPL3,202
43772.048099,AMPL3,203
43830.323825,AMPL3,204
44027.363171,AMPL3,205
44179.645391,AMPL3,206
44278.173666,AMPL3,207
44366.994138,AMPL3,208
44479.780872,AMPL3,209
44524.944324,AMPL3,210
44570.870948,AMPL3,211
44641.790653,AMPL3,212
44692.538213,AMPL3,213
44760.035983,AMPL3,214
44802.46114,AMPL3,215
44844.64422,AMPL3,216
44899.627823,AMPL3,217
44945.547159,AMPL3,218
44990.870876,AMPL3,219
45036.153231,AMPL3,220
45075.325176,AMPL3,221
45130.321643,AMPL3,222
45233.176783,AMPL3,223
45288.989102,AMPL3,224
45344.920802,AMPL3,225
45429.961356,AMPL3,226
45507.855925,AMPL3,227
45541.393147,AMPL3,228
45615.81823,AMPL3,229
45696.690941,AMPL3,230
45775.362915,AMPL3,231
45854.064114,AMPL3,232
45913.00863,AMPL3,233
45951.510436,AMPL3,234
45986.499651,AMPL3,235
46029.370232,AMPL3,236
46104.342808,AMPL3,237
46178.179889,AMPL3,238
46229.489574,AMPL3,239
46294.749684,AMPL3,240
46401.213949,AMPL3,241
46484.950279,AMPL3,242
46551.364501,AMPL3,243
46585.49115,AMPL3,244
46635.560657,AMPL3,245
46673.618429,AMPL3,246
46716.186253,AMPL3,247
46758.320903,AMPL3,248
46812.378159,AMPL3,249
46856.900107,AMPL3,250
46903.210659,AMPL3,251
46950.511065,AMPL3,252
46992.650097,AMPL3,253
47033.776008,AMPL3,254
47144.287685,AMPL3,255
47265.842806,AMPL3,256
47388.530026,AMPL3,257
47520.785795,AMPL3,258
47729.39384,AMPL3,259
47871.283275,AMPL3,260
47959.75064,AMPL3,261
48072.918275,AMPL3,262
48171.469741,AMPL3,263
48303.091261,AMPL3,264
48414.408884,AMPL3,265
48500.216695,AMPL3,266
48563.654138,AMPL3,267
48620.824553,AMPL3,268
48685.174251,AMPL3,269
48739.115389,AMPL3,270
48814.850477,AMPL3,271
48928.591823,AMPL3,272
49033.820257,AMPL3,273
49071.431295,AMPL3,274
49105.468866,AMPL3,275
49217.119703,AMPL3,276
49325.079316,AMPL3,277
49451.164431,AMPL3,278
49528.034484,AMPL3,279
49576.064698,AMPL3,280
49643.907649,AMPL3,281
49683.552423,AMPL3,282
49720.015213,AMPL3,283
49777.658473,AMPL3,284
49833.607839,AMPL3,285
49883.381286,AMPL3,286
49950.748273,AMPL3,287
49991.702295,AMPL3,288
50033.752514,AMPL3,289
50075.744134,AMPL3,290
50109.486046,AMPL3,291
50145.472001,AMPL3,292
50192.163746,AMPL3,293
50287.281696,AMPL3,294
50424.810782,AMPL3,295
50518.439976,AMPL3,296
50608.161762,AMPL3,297
50650.094294,AMPL3,298
50685.598633,AMPL3,299
50766.833269,AMPL3,300
50852.9103,AMPL3,301
50961.307819,AMPL3,302
51040.377466,AMPL3,303
51120.990975,AMPL3,304
51208.206544,AMPL3,305
51259.796339,AMPL3,306
51297.794303,AMPL3,307
51354.197915,AMPL3,308
51420.666858,AMPL3,309
51470.838409,AMPL3,310
51516.340777,AMPL3,311
51627.494486,AMPL3,312
51710.812022,AMPL3,313
51838.828427,AMPL3,314
51926.109732,AMPL3,315
51970.979544,AMPL3,316
52080.435102,AMPL3,317
52177.949686,AMPL3,318
52234.638315,AMPL3,319
52286.907889,AMPL3,320
52326.928065,AMPL3,321
52365.621107,AMPL3,322
52401.963108,AMPL3,323
52460.060891,AMPL3,324
52502.426079,AMPL3,325
52556.866374,AMPL3,326
52627.500534,AMPL3,327
52672.783224,AMPL3,328
52722.790686,AMPL3,329
52759.205882,AMPL3,330
52794.442411,AMPL3,331
52825.904436,AMPL3,332
52861.442278,AMPL3,333
52942.517051,AMPL3,334
53050.530509,AMPL3,335
53146.715845,AMPL3,336
53230.998148,AMPL3,337
53305.130364,AMPL3,338
53390.914282,AMPL3,339
53467.803468,AMPL3,340
53547.663694,AMPL3,341
53681.660877,AMPL3,342
53726.134806,AMPL3,343
53791.574897,AMPL3,344
53845.331254,AMPL3,345
53886.015776,AMPL3,346
53924.00132,AMPL3,347
53961.41098,AMPL3,348
54011.56863,AMPL3,349
54070.361995,AMPL3,350
54110.604885,AMPL3,351
54143.301446,AMPL3,352
54178.484509,AMPL3,353
54237.8837,AMPL3,354
54300.663806,AMPL3,355
54333.90263,AMPL3,356
54368.012247,AMPL3,357
54433.464697,AMPL3,358
54569.021607,AMPL3,359
54708.608045,AMPL3,360
54802.568031,AMPL3,361
54884.330015,AMPL3,362
54977.841231,AMPL3,363
55051.845342,AMPL3,364
55137.614167,AMPL3,365
55194.151652,AMPL3,366
55241.024187,AMPL3,367
55275.831357,AMPL3,368
55306.940688,AMPL3,369
55340.610596,AMPL3,370
55398.737097,AMPL3,371
55459.214482,AMPL3,372
55493.492093,AMPL3,373
55527.987247,AMPL3,374
55562.613811,AMPL3,375
55595.237233,AMPL3,376
55664.733969,AMPL3,377
55731.852537,AMPL3,378
55808.499928,AMPL3,379
55924.952943,AMPL3,380
56031.676458,AMPL3,381
56135.936502,AMPL3,382
56216.281184,AMPL3,383
56292.805701,AMPL3,384
56371.501941,AMPL3,385
56461.758321,AMPL3,386
56535.123594,AMPL3,387
56613.506091,AMPL3,388
56684.581984,AMPL3,389
56769.89191,AMPL3,390
56831.897909,AMPL3,391
56899.761818,AMPL3,392
56964.66033,AMPL3,393
57026.772717,AMPL3,394
57070.756192,AMPL3,395
57107.708241,AMPL3,396
57149.236667,AMPL3,397
57192.227623,AMPL3,398
57224.319378,AMPL3,399
57257.8739,AMPL3,400
57295.066572,AMPL3,401
57444.499307,AMPL3,402
57541.55213,AMPL3,403
57676.625611,AMPL3,404
57750.687289,AMPL3,405
57843.460193,AMPL3,406
57917.149312,AMPL3,407
57991.168472,AMPL3,408
58070.958372,AMPL3,409
58151.074277,AMPL3,410
58214.423248,AMPL3,411
58263.489838,AMPL3,412
58318.30294,AMPL3,413
58366.552582,AMPL3,414
58412.569604,AMPL3,415
58476.439028,AMPL3,416
58525.555569,AMPL3,417
58577.714335,AMPL3,418
58621.479371,AMPL3,419
58660.248569,AMPL3,420
58705.898973,AMPL3,421
58773.402949,AMPL3,422
58804.970659,AMPL3,423
58849.071216,AMPL3,424
58884.32648,AMPL3,425
58923.015202,AMPL3,426
58968.622675,AMPL3,427
59059.247961,AMPL3,428
59147.611729,AMPL3,429
59215.619945,AMPL3,430
59292.699129,AMPL3,431
59356.495131,AMPL3,432
59430.031675,AMPL3,433
59504.842846,AMPL3,434
59570.60849,AMPL3,435
59638.93442,AMPL3,436
59708.358673,AMPL3,437
59741.647182,AMPL3,438
59771.300832,AMPL3,439
59804.713411,AMPL3,440
59843.460665,AMPL3,441
59899.654293,AMPL3,442
59941.465774,AMPL3,443
59976.973031,AMPL3,444
60010.654216,AMPL3,445
60041.917833,AMPL3,446
60094.535207,AMPL3,447
60131.994887,AMPL3,448
60345.15638,AMPL3,449
60697.174498,AMPL3,450
60797.050206,AMPL3,451
60887.535169,AMPL3,452
61037.283563,AMPL3,453
61134.61912,AMPL3,454
61207.327279,AMPL3,455
61271.337945,AMPL3,456
61339.631397,AMPL3,457
61394.712035,AMPL3,458
61451.933257,AMPL3,459
61505.535872,AMPL3,460
61549.278594,AMPL3,461
61575.166211,AMPL3,462
61608.800038,AMPL3,463
61671.481275,AMPL3,464
61711.918068,AMPL3,465
61744.511608,AMPL3,466
61773.150014,AMPL3,467
61803.416003,AMPL3,468
61832.06898,AMPL3,469
62223.152578,AMPL3,470
62302.46498,AMPL3,471
62382.811867,AMPL3,472
62487.455211,AMPL3,473
62556.908761,AMPL3,474
62618.938027,AMPL3,475
62678.240548,AMPL3,476
62716.467807,AMPL3,477
62746.447992,AMPL3,478
62771.574916,AMPL3,479
62800.532489,AMPL3,480
62826.835066,AMPL3,481
62883.941674,AMPL3,482
62924.220357,AMPL3,483
62957.660866,AMPL3,484
63042.652133,AMPL3,485
63107.272218,AMPL3,486
63202.921811,AMPL3,487
63254.533283,AMPL3,488
63299.781555,AMPL3,489
63355.723557,AMPL3,490
63390.796388,AMPL3,491
63419.851889,AMPL3,492
63446.9505,AMPL3,493
63474.840306,AMPL3,494
63512.806545,AMPL3,495
63542.062343,AMPL3,496
63624.345627,AMPL3,497
63690.529834,AMPL3,498
63749.717722,AMPL3,499
63822.688056,AMPL3,500
63879.680515,AMPL3,501
63908.096521,AMPL3,502
63952.411635,AMPL3,503
63983.289734,AMPL3,504
64010.510361,AMPL3,505
64039.519144,AMPL3,506
64065.497846,AMPL3,507
64093.945349,AMPL3,508
64131.295483,AMPL3,509
64163.242729,AMPL3,510
64192.15884,AMPL3,511
64267.319674,AMPL3,512
64315.153845,AMPL3,513
64350.735551,AMPL3,514
64384.664078,AMPL3,515
64440.290296,AMPL3,516
64490.743166,AMPL3,517
64521.541123,AMPL3,518
64553.455766,AMPL3,519
64589.169336,AMPL3,520
64618.489578,AMPL3,521
64650.646886,AMPL3,522
64676.549685,AMPL3,523
64703.916521,AMPL3,524
64767.019144,AMPL3,525
64825.139049,AMPL3,526
64854.219582,AMPL3,527
64888.379735,AMPL3,528
64917.556536,AMPL3,529
64953.556281,AMPL3,530
64982.181278,AMPL3,531
65037.272331,AMPL3,532
65079.898336,AMPL3,533
65116.654075,AMPL3,534
65164.100323,AMPL3,535
65201.188087,AMPL3,536
65230.473136,AMPL3,537
65258.394525,AMPL3,538
65286.401846,AMPL3,539
65342.788377,AMPL3,540
65384.180032,AMPL3,541
65424.24936,AMPL3,542
65459.618221,AMPL3,543
65497.712126,AMPL3,544
65524.540318,AMPL3,545
65556.468697,AMPL3,546
65608.650797,AMPL3,547
65652.72792,AMPL3,548
65689.389678,AMPL3,549
65727.950963,AMPL3,550
65758.711923,AMPL3,551
65789.764261,AMPL3,552
65821.374997,AMPL3,553
65866.20034,AMPL3,554
65900.670936,AMPL3,555
65931.363687,AMPL3,556
65964.990675,AMPL3,557
66026.323565,AMPL3,558
66080.08567,AMPL3,559
66122.80349,AMPL3,560
66171.441924,AMPL3,561
66206.947077,AMPL3,562
66245.71904,AMPL3,563
66288.559472,AMPL3,564
66325.593922,AMPL3,565
66371.467836,AMPL3,566
66398.210617,AMPL3,567
66421.853816,AMPL3,568
27.078501,AMPL4,0
73.673172,AMPL4,1
236.388546,AMPL4,2
547.161311,AMPL4,3
945.696292,AMPL4,4
1248.239184,AMPL4,5
1820.253075,AMPL4,6
2302.503289,AMPL4,7
2891.837192,AMPL4,8
3706.575914,AMPL4,9
4282.020963,AMPL4,10
5266.697945,AMPL4,11
6013.44969,AMPL4,12
6702.996184,AMPL4,13
7355.587382,AMPL4,14
7892.224275,AMPL4,15
8249.25142,AMPL4,16
9308.929576,AMPL4,17
9939.213418,AMPL4,18
10388.340928,AMPL4,19
10617.212008,AMPL4,20
11415.156608,AMPL4,21
11564.960923,AMPL4,22
11712.994759,AMPL4,23
11888.488043,AMPL4,24
12234.123151,AMPL4,25
12546.507686,AMPL4,26
12662.086951,AMPL4,27
12808.003585,AMPL4,28
12931.522463,AMPL4,29
13064.022619,AMPL4,30
13179.18684,AMPL4,31
13301.234305,AMPL4,32
13397.364401,AMPL4,33
13539.566389,AMPL4,34
13648.602284,AMPL4,35
13751.497833,AMPL4,36
13876.428668,AMPL4,37
13982.936896,AMPL4,38
14086.894348,AMPL4,39
14207.235118,AMPL4,40
14520.337646,AMPL4,41
14649.255268,AMPL4,42
14773.049532,AMPL4,43
15053.714967,AMPL4,44
15507.897825,AMPL4,45
15775.018589,AMPL4,46
16044.92772,AMPL4,47
16382.498412,AMPL4,48
16574.203525,AMPL4,49
16865.361057,AMPL4,50
17194.410326,AMPL4,51
17377.096909,AMPL4,52
17828.203451,AMPL4,53
18059.164442,AMPL4,54
18280.38114,AMPL4,55
18538.224534,AMPL4,56
18872.591416,AMPL4,57
19310.818539,AMPL4,58
19588.817795,AMPL4,59
19822.631185,AMPL4,60
19967.879852,AMPL4,61
20118.995139,AMPL4,62
20306.587117,AMPL4,63
20453.133035,AMPL4,64
20599.688045,AMPL4,65
20754.46796,AMPL4,66
20967.578267,AMPL4,67
21042.718306,AMPL4,68
21301.11442,AMPL4,69
21814.705478,AMPL4,70
22343.746425,AMPL4,71
22570.165392,AMPL4,72
23219.264227,AMPL4,73
23814.819954,AMPL4,74
24467.476553,AMPL4,75
25101.766742,AMPL4,76
26906.313227,AMPL4,77
27732.770011,AMPL4,78
28413.671542,AMPL4,79
29013.243494,AMPL4,80
29411.937649,AMPL4,81
29755.474752,AMPL4,82
30396.652003,AMPL4,83
30939.395072,AMPL4,84
31763.062749,AMPL4,85
32093.208311,AMPL4,86
33155.305407,AMPL4,87
33593.74437,AMPL4,88
33972.285415,AMPL4,89
34496.154274,AMPL4,90
34834.487064,AMPL4,91
35153.803036,AMPL4,92
35441.338853,AMPL4,93
35783.96759,AMPL4,94
35913.314081,AMPL4,95
36066.529861,AMPL4,96
36430.115755,AMPL4,97
36624.680236,AMPL4,98
36777.079495,AMPL4,99
37059.119758,AMPL4,100
37216.665089,AMPL4,101
37418.484303,AMPL4,102
37580.868709,AMPL4,103
37693.7375,AMPL4,104
37897.512796,AMPL4,105
38034.577327,AMPL4,106
38193.460941,AMPL4,107
38518.391309,AMPL4,108
38793.269206,AMPL4,109
39017.487821,AMPL4,110
39194.988543,AMPL4,111
39409.541679,AMPL4,112
39670.04075,AMPL4,113
39817.616644,AMPL4,114
40203.632552,AMPL4,115
40417.832983,AMPL4,116
40624.797165,AMPL4,117
40812.604145,AMPL4,118
40948.660694,AMPL4,119
41192.185978,AMPL4,120
41344.944607,AMPL4,121
41572.69016,AMPL4,122
41709.786872,AMPL4,123
41945.948758,AMPL4,124
42158.77578,AMPL4,125
42360.537294,AMPL4,126
42618.169261,AMPL4,127
42794.530848,AMPL4,128
42990.315252,AMPL4,129
43242.576304,AMPL4,130
43417.921442,AMPL4,131
43614.880701,AMPL4,132
43880.184741,AMPL4,133
44028.319755,AMPL4,134
44350.746246,AMPL4,135
44443.573259,AMPL4,136
44547.9793,AMPL4,137
44680.456023,AMPL4,138
44852.282158,AMPL4,139
45037.888616,AMPL4,140
45218.078343,AMPL4,141
45518.371771,AMPL4,142
45716.56121,AMPL4,143
45918.948962,AMPL4,144
46132.838288,AMPL4,145
46223.290729,AMPL4,146
46356.485975,AMPL4,147
46477.728917,AMPL4,148
46575.92734,AMPL4,149
46684.592895,AMPL4,150
46823.578505,AMPL4,151
47056.045342,AMPL4,152
47226.177023,AMPL4,153
47602.416839,AMPL4,154
47806.297263,AMPL4,155
48060.41563,AMPL4,156
48432.973791,AMPL4,157
48705.34199,AMPL4,158
48867.084808,AMPL4,159
49139.525076,AMPL4,160
49548.069942,AMPL4,161
49710.228002,AMPL4,162
49934.728926,AMPL4,163
50100.517134,AMPL4,164
50417.285311,AMPL4,165
50615.570916,AMPL4,166
50978.51746,AMPL4,167
51218.452449,AMPL4,168
51654.575299,AMPL4,169
51967.318493,AMPL4,170
52252.718681,AMPL4,171
52455.141024,AMPL4,172
52772.033917,AMPL4,173
52939.325725,AMPL4,174
53121.210588,AMPL4,175
53369.831769,AMPL4,176
53608.548051,AMPL4,177
53817.044105,AMPL4,178
54011.209023,AMPL4,179
54238.843858,AMPL4,180
54453.36978,AMPL4,181
54659.533833,AMPL4,182
54951.762024,AMPL4,183
55108.097795,AMPL4,184
55244.365501,AMPL4,185
55463.282694,AMPL4,186
55922.22592,AMPL4,187
56315.057282,AMPL4,188
56880.070767,AMPL4,189
57256.495355,AMPL4,190
57431.103769,AMPL4,191
57988.16067,AMPL4,192
58230.445137,AMPL4,193
58826.674488,AMPL4,194
59239.51041,AMPL4,195
59897.365895,AMPL4,196
60357.267134,AMPL4,197
60917.867407,AMPL4,198
61425.885977,AMPL4,199
61861.144227,AMPL4,200
62234.747314,AMPL4,201
62551.871744,AMPL4,202
63191.25553,AMPL4,203
63642.973723,AMPL4,204
64094.011567,AMPL4,205
64534.691161,AMPL4,206
64894.346741,AMPL4,207
65338.775254,AMPL4,208
65810.184371,AMPL4,209
66280.975184,AMPL4,210
66701.640504,AMPL4,211
66880.316089,AMPL4,212
67164.796774,AMPL4,213
67545.085985,AMPL4,214
67917.200351,AMPL4,215
68597.356601,AMPL4,216
68944.642537,AMPL4,217
69306.044287,AMPL4,218
69821.819137,AMPL4,219
70540.824891,AMPL4,220
71066.243799,AMPL4,221
71474.318094,AMPL4,222
71747.648986,AMPL4,223
72183.142157,AMPL4,224
72366.517184,AMPL4,225
72584.893064,AMPL4,226
73061.723496,AMPL4,227
75064.368464,AMPL4,228
75432.377503,AMPL4,229
75759.331556,AMPL4,230
76179.983164,AMPL4,231
77032.585802,AMPL4,232
77867.456304,AMPL4,233
78434.581372,AMPL4,234
79010.389984,AMPL4,235
79255.543802,AMPL4,236
79502.231518,AMPL4,237
79775.480745,AMPL4,238
80030.412287,AMPL4,239
80351.516596,AMPL4,240
80566.747871,AMPL4,241
80751.796948,AMPL4,242
80937.193163,AMPL4,243
81226.647504,AMPL4,244
81516.549603,AMPL4,245
81807.682307,AMPL4,246
82191.38306,AMPL4,247
82649.19351,AMPL4,248
82980.157312,AMPL4,249
83243.043323,AMPL4,250
83416.255864,AMPL4,251
83853.64442,AMPL4,252
83950.471173,AMPL4,253
84328.969894,AMPL4,254
84589.363859,AMPL4,255
84799.437719,AMPL4,256
85092.815947,AMPL4,257
85609.568527,AMPL4,258
85836.827501,AMPL4,259
86073.550449,AMPL4,260
86287.601697,AMPL4,261
86506.875167,AMPL4,262
86652.486951,AMPL4,263
86952.086432,AMPL4,264
87161.524699,AMPL4,265
87305.503089,AMPL4,266
87487.704232,AMPL4,267
87601.107211,AMPL4,268
87685.702549,AMPL4,269
87801.73019,AMPL4,270
88004.543909,AMPL4,271
88245.761851,AMPL4,272
88356.622787,AMPL4,273
88650.605171,AMPL4,274
88728.736385,AMPL4,275
89016.189938,AMPL4,276
89206.471617,AMPL4,277
89462.572698,AMPL4,278
89624.18524,AMPL4,279
89942.248831,AMPL4,280
90125.170985,AMPL4,281
90379.126854,AMPL4,282
90648.274823,AMPL4,283
90914.601687,AMPL4,284
91137.166965,AMPL4,285
91333.719725,AMPL4,286
91546.626111,AMPL4,287
91796.595589,AMPL4,288
92344.465252,AMPL4,289
92776.157481,AMPL4,290
93076.807847,AMPL4,291
93329.739822,AMPL4,292
93443.91581,AMPL4,293
93631.092362,AMPL4,294
93870.31197,AMPL4,295
94081.693115,AMPL4,296
94336.347515,AMPL4,297
94515.159898,AMPL4,298
94735.695523,AMPL4,299
95004.58699,AMPL4,300
95299.634617,AMPL4,301
95469.972421,AMPL4,302
95633.91258,AMPL4,303
95887.928763,AMPL4,304
96131.190262,AMPL4,305
96297.500756,AMPL4,306
96485.584385,AMPL4,307
96674.324709,AMPL4,308
96916.728403,AMPL4,309
97122.772275,AMPL4,310
97270.550992,AMPL4,311
97513.943293,AMPL4,312
97712.028269,AMPL4,313
97892.307716,AMPL4,314
98077.790594,AMPL4,315
98242.285133,AMPL4,316
98560.252992,AMPL4,317
99540.754983,AMPL4,318
99801.547649,AMPL4,319
100045.297217,AMPL4,320
100212.74337,AMPL4,321
100385.33997,AMPL4,322
101205.558321,AMPL4,323
101401.895698,AMPL4,324
101594.604003,AMPL4,325
101829.563387,AMPL4,326
102087.333109,AMPL4,327
102249.56496,AMPL4,328
102451.07433,AMPL4,329
102833.177499,AMPL4,330
102972.385298,AMPL4,331
103150.56226,AMPL4,332
103422.139838,AMPL4,333
103757.038857,AMPL4,334
104065.85585,AMPL4,335
104320.021223,AMPL4,336
104606.397906,AMPL4,337
104846.300493,AMPL4,338
105067.658817,AMPL4,339
105202.220469,AMPL4,340
105424.053274,AMPL4,341
105754.431943,AMPL4,342
105926.139284,AMPL4,343
106137.192533,AMPL4,344
106530.977846,AMPL4,345
106800.183954,AMPL4,346
106964.271609,AMPL4,347
107154.088912,AMPL4,348
107426.766592,AMPL4,349
107627.617287,AMPL4,350
107904.458632,AMPL4,351
108215.895731,AMPL4,352
108408.827175,AMPL4,353
108575.962466,AMPL4,354
108736.566242,AMPL4,355
108910.509033,AMPL4,356
109075.5942,AMPL4,357
109459.942831,AMPL4,358
109601.625221,AMPL4,359
109767.547332,AMPL4,360
110204.070621,AMPL4,361
110408.475381,AMPL4,362
110727.826787,AMPL4,363
110873.384067,AMPL4,364
111066.20275,AMPL4,365
111190.436947,AMPL4,366
111328.472895,AMPL4,367
111440.36258,AMPL4,368
111682.366905,AMPL4,369
111823.497801,AMPL4,370
111901.768017,AMPL4,371
112002.016487,AMPL4,372
112096.572841,AMPL4,373
112420.696154,AMPL4,374
112736.58984,AMPL4,375
112974.034444,AMPL4,376
113286.196292,AMPL4,377
113502.046956,AMPL4,378
113830.699833,AMPL4,379
114080.388628,AMPL4,380
114269.190598,AMPL4,381
114535.579218,AMPL4,382
114846.584511,AMPL4,383
115236.010084,AMPL4,384
115534.035682,AMPL4,385
116001.883561,AMPL4,386
116371.156074,AMPL4,387
116673.195492,AMPL4,388
116960.790775,AMPL4,389
117276.837528,AMPL4,390
117522.021384,AMPL4,391
117754.180402,AMPL4,392
118123.933701,AMPL4,393
118366.194692,AMPL4,394
118560.264076,AMPL4,395
118762.115369,AMPL4,396
118980.109508,AMPL4,397
119113.390488,AMPL4,398
119281.061328,AMPL4,399
119424.114357,AMPL4,400
119769.803106,AMPL4,401
119963.185688,AMPL4,402
120197.395065,AMPL4,403
120475.360632,AMPL4,404
120650.661338,AMPL4,405
