timestampInicio,timestampFin,instancia,duracion_segundos
2018-03-15 12:41:32,2018-03-15 12:41:38,AMPL1,6.0
2018-03-15 12:41:33,2018-03-15 12:41:40,AMPL1,7.0
2018-03-15 12:41:32,2018-03-15 12:41:38,AMPL1,6.0
2018-03-15 12:41:32,2018-03-15 12:41:40,AMPL1,8.0
2018-03-15 12:41:33,2018-03-15 12:41:39,AMPL1,6.0
2018-03-15 12:41:33,2018-03-15 12:41:38,AMPL1,5.0
2018-03-15 12:41:32,2018-03-15 12:41:38,AMPL1,6.0
2018-03-15 12:41:32,2018-03-15 12:41:38,AMPL1,6.0
2018-03-15 12:41:33,2018-03-15 12:41:38,AMPL1,5.0
2018-03-15 12:41:32,2018-03-15 12:41:38,AMPL1,6.0
2018-03-15 12:41:37,2018-03-15 12:41:56,AMPL1,19.0
2018-03-15 12:41:37,2018-03-15 12:41:57,AMPL1,20.0
2018-03-15 12:41:37,2018-03-15 12:42:08,AMPL1,31.0
2018-03-15 12:41:37,2018-03-15 12:42:07,AMPL1,30.0
2018-03-15 12:41:35,2018-03-15 12:42:02,AMPL1,27.0
2018-03-15 12:41:37,2018-03-15 12:42:05,AMPL1,28.0
2018-03-15 12:41:37,2018-03-15 12:41:59,AMPL1,22.0
2018-03-15 12:41:37,2018-03-15 12:42:00,AMPL1,23.0
2018-03-15 12:41:35,2018-03-15 12:41:57,AMPL1,22.0
2018-03-15 12:41:37,2018-03-15 12:42:06,AMPL1,29.0
2018-03-15 12:41:33,2018-03-15 12:41:39,AMPL1,6.0
2018-03-15 12:41:33,2018-03-15 12:41:38,AMPL1,5.0
2018-03-15 12:41:33,2018-03-15 12:41:38,AMPL1,5.0
2018-03-15 12:41:33,2018-03-15 12:41:37,AMPL1,4.0
2018-03-15 12:41:33,2018-03-15 12:41:38,AMPL1,5.0
2018-03-15 12:41:35,2018-03-15 12:41:43,AMPL1,8.0
2018-03-15 12:41:36,2018-03-15 12:41:45,AMPL1,9.0
2018-03-15 12:41:36,2018-03-15 12:41:46,AMPL1,10.0
2018-03-15 12:41:36,2018-03-15 12:41:48,AMPL1,12.0
2018-03-15 12:41:36,2018-03-15 12:41:46,AMPL1,10.0
2018-03-15 12:41:35,2018-03-15 12:41:43,AMPL1,8.0
2018-03-15 12:41:36,2018-03-15 12:41:43,AMPL1,7.0
2018-03-15 12:41:37,2018-03-15 12:41:43,AMPL1,6.0
2018-03-15 12:41:35,2018-03-15 12:41:43,AMPL1,8.0
2018-03-15 12:41:35,2018-03-15 12:41:43,AMPL1,8.0
2018-03-15 12:41:35,2018-03-15 12:41:46,AMPL1,11.0
2018-03-15 12:41:35,2018-03-15 12:41:43,AMPL1,8.0
2018-03-15 12:41:35,2018-03-15 12:41:44,AMPL1,9.0
2018-03-15 12:41:36,2018-03-15 12:41:45,AMPL1,9.0
2018-03-15 12:41:36,2018-03-15 12:41:47,AMPL1,11.0
2018-03-15 12:41:36,2018-03-15 12:41:44,AMPL1,8.0
2018-03-15 12:41:36,2018-03-15 12:41:44,AMPL1,8.0
2018-03-15 12:41:36,2018-03-15 12:41:45,AMPL1,9.0
2018-03-15 12:41:36,2018-03-15 12:41:44,AMPL1,8.0
2018-03-15 12:41:36,2018-03-15 12:41:45,AMPL1,9.0
2018-03-15 12:41:36,2018-03-15 12:41:48,AMPL1,12.0
2018-03-15 12:41:36,2018-03-15 12:41:48,AMPL1,12.0
2018-03-15 12:41:36,2018-03-15 12:41:50,AMPL1,14.0
2018-03-15 12:41:36,2018-03-15 12:41:51,AMPL1,15.0
2018-03-15 12:41:36,2018-03-15 12:41:50,AMPL1,14.0
2018-03-15 12:44:39,2018-03-15 12:44:48,AMPL2,9.0
2018-03-15 12:44:40,2018-03-15 12:44:48,AMPL2,8.0
2018-03-15 12:44:38,2018-03-15 12:44:47,AMPL2,9.0
2018-03-15 12:44:38,2018-03-15 12:44:47,AMPL2,9.0
2018-03-15 12:44:39,2018-03-15 12:44:49,AMPL2,10.0
2018-03-15 12:44:39,2018-03-15 12:44:45,AMPL2,6.0
2018-03-15 12:44:39,2018-03-15 12:44:46,AMPL2,7.0
2018-03-15 12:44:38,2018-03-15 12:44:44,AMPL2,6.0
2018-03-15 12:44:39,2018-03-15 12:44:45,AMPL2,6.0
2018-03-15 12:44:39,2018-03-15 12:44:46,AMPL2,7.0
2018-03-15 12:44:39,2018-03-15 12:44:46,AMPL2,7.0
2018-03-15 12:44:39,2018-03-15 12:44:45,AMPL2,6.0
2018-03-15 12:44:39,2018-03-15 12:44:44,AMPL2,5.0
2018-03-15 12:44:39,2018-03-15 12:44:45,AMPL2,6.0
2018-03-15 12:44:39,2018-03-15 12:44:45,AMPL2,6.0
2018-03-15 12:44:40,2018-03-15 12:44:53,AMPL2,13.0
2018-03-15 12:44:40,2018-03-15 12:44:52,AMPL2,12.0
2018-03-15 12:44:40,2018-03-15 12:44:52,AMPL2,12.0
2018-03-15 12:44:40,2018-03-15 12:44:53,AMPL2,13.0
2018-03-15 12:44:39,2018-03-15 12:44:51,AMPL2,12.0
2018-03-15 12:44:39,2018-03-15 12:44:48,AMPL2,9.0
2018-03-15 12:44:39,2018-03-15 12:44:47,AMPL2,8.0
2018-03-15 12:44:40,2018-03-15 12:44:48,AMPL2,8.0
2018-03-15 12:44:40,2018-03-15 12:44:49,AMPL2,9.0
2018-03-15 12:44:39,2018-03-15 12:44:48,AMPL2,9.0
2018-03-15 12:44:40,2018-03-15 12:44:49,AMPL2,9.0
2018-03-15 12:44:40,2018-03-15 12:44:47,AMPL2,7.0
2018-03-15 12:44:39,2018-03-15 12:44:48,AMPL2,9.0
2018-03-15 12:44:40,2018-03-15 12:44:48,AMPL2,8.0
2018-03-15 12:44:40,2018-03-15 12:44:47,AMPL2,7.0
2018-03-15 12:44:39,2018-03-15 12:44:53,AMPL2,14.0
2018-03-15 12:44:39,2018-03-15 12:44:53,AMPL2,14.0
2018-03-15 12:44:39,2018-03-15 12:44:52,AMPL2,13.0
2018-03-15 12:44:39,2018-03-15 12:44:53,AMPL2,14.0
2018-03-15 12:44:39,2018-03-15 12:44:52,AMPL2,13.0
2018-03-15 12:44:41,2018-03-15 12:44:56,AMPL2,15.0
2018-03-15 12:44:41,2018-03-15 12:45:00,AMPL2,19.0
2018-03-15 12:44:41,2018-03-15 12:44:58,AMPL2,17.0
2018-03-15 12:44:41,2018-03-15 12:45:00,AMPL2,19.0
2018-03-15 12:44:41,2018-03-15 12:45:00,AMPL2,19.0
2018-03-15 12:44:43,2018-03-15 12:44:59,AMPL2,16.0
2018-03-15 12:44:43,2018-03-15 12:45:00,AMPL2,17.0
2018-03-15 12:44:43,2018-03-15 12:44:59,AMPL2,16.0
2018-03-15 12:44:43,2018-03-15 12:45:01,AMPL2,18.0
2018-03-15 12:44:43,2018-03-15 12:45:02,AMPL2,19.0
2018-03-15 12:44:43,2018-03-15 12:44:56,AMPL2,13.0
2018-03-15 12:44:43,2018-03-15 12:44:56,AMPL2,13.0
2018-03-15 12:44:43,2018-03-15 12:44:57,AMPL2,14.0
2018-03-15 12:44:43,2018-03-15 12:44:57,AMPL2,14.0
2018-03-15 12:44:43,2018-03-15 12:44:58,AMPL2,15.0
2018-03-15 12:51:55,2018-03-15 12:52:03,AMPL3,8.0
2018-03-15 12:51:53,2018-03-15 12:52:01,AMPL3,8.0
2018-03-15 12:51:54,2018-03-15 12:52:02,AMPL3,8.0
2018-03-15 12:51:54,2018-03-15 12:52:02,AMPL3,8.0
2018-03-15 12:51:54,2018-03-15 12:52:02,AMPL3,8.0
2018-03-15 12:51:55,2018-03-15 12:52:02,AMPL3,7.0
2018-03-15 12:51:55,2018-03-15 12:52:03,AMPL3,8.0
2018-03-15 12:51:54,2018-03-15 12:52:01,AMPL3,7.0
2018-03-15 12:51:55,2018-03-15 12:52:04,AMPL3,9.0
2018-03-15 12:51:55,2018-03-15 12:52:03,AMPL3,8.0
2018-03-15 12:51:57,2018-03-15 12:52:34,AMPL3,37.0
2018-03-15 12:51:57,2018-03-15 12:52:33,AMPL3,36.0
2018-03-15 12:51:56,2018-03-15 12:52:32,AMPL3,36.0
2018-03-15 12:51:56,2018-03-15 12:52:36,AMPL3,40.0
2018-03-15 12:51:57,2018-03-15 12:52:35,AMPL3,38.0
2018-03-15 12:51:57,2018-03-15 12:52:41,AMPL3,44.0
2018-03-15 12:51:57,2018-03-15 12:52:37,AMPL3,40.0
2018-03-15 12:51:56,2018-03-15 12:52:36,AMPL3,40.0
2018-03-15 12:51:56,2018-03-15 12:52:35,AMPL3,39.0
2018-03-15 12:51:56,2018-03-15 12:52:27,AMPL3,31.0
2018-03-15 12:51:55,2018-03-15 12:52:01,AMPL3,6.0
2018-03-15 12:51:55,2018-03-15 12:52:01,AMPL3,6.0
2018-03-15 12:51:55,2018-03-15 12:52:00,AMPL3,5.0
2018-03-15 12:51:55,2018-03-15 12:52:00,AMPL3,5.0
2018-03-15 12:51:56,2018-03-15 12:52:02,AMPL3,6.0
2018-03-15 12:51:56,2018-03-15 12:52:05,AMPL3,9.0
2018-03-15 12:51:55,2018-03-15 12:52:05,AMPL3,10.0
2018-03-15 12:51:55,2018-03-15 12:52:07,AMPL3,12.0
2018-03-15 12:51:56,2018-03-15 12:52:04,AMPL3,8.0
2018-03-15 12:51:55,2018-03-15 12:52:04,AMPL3,9.0
2018-03-15 12:51:54,2018-03-15 12:52:03,AMPL3,9.0
2018-03-15 12:51:54,2018-03-15 12:52:02,AMPL3,8.0
2018-03-15 12:51:54,2018-03-15 12:52:03,AMPL3,9.0
2018-03-15 12:51:55,2018-03-15 12:52:06,AMPL3,11.0
2018-03-15 12:51:54,2018-03-15 12:52:05,AMPL3,11.0
2018-03-15 12:51:55,2018-03-15 12:52:02,AMPL3,7.0
2018-03-15 12:51:55,2018-03-15 12:52:04,AMPL3,9.0
2018-03-15 12:51:54,2018-03-15 12:52:02,AMPL3,8.0
2018-03-15 12:51:55,2018-03-15 12:52:04,AMPL3,9.0
2018-03-15 12:51:55,2018-03-15 12:52:02,AMPL3,7.0
2018-03-15 12:51:54,2018-03-15 12:52:04,AMPL3,10.0
2018-03-15 12:51:55,2018-03-15 12:52:08,AMPL3,13.0
2018-03-15 12:51:55,2018-03-15 12:52:07,AMPL3,12.0
2018-03-15 12:51:54,2018-03-15 12:52:05,AMPL3,11.0
2018-03-15 12:51:55,2018-03-15 12:52:07,AMPL3,12.0
2018-03-15 12:51:54,2018-03-15 12:52:11,AMPL3,17.0
2018-03-15 12:51:55,2018-03-15 12:52:15,AMPL3,20.0
2018-03-15 12:51:54,2018-03-15 12:52:12,AMPL3,18.0
2018-03-15 12:51:55,2018-03-15 12:52:15,AMPL3,20.0
2018-03-15 12:51:55,2018-03-15 12:52:14,AMPL3,19.0
2018-03-15 13:01:12,2018-03-15 13:01:20,AMPL4,8.0
2018-03-15 13:01:12,2018-03-15 13:01:19,AMPL4,7.0
2018-03-15 13:01:11,2018-03-15 13:01:18,AMPL4,7.0
2018-03-15 13:01:12,2018-03-15 13:01:19,AMPL4,7.0
2018-03-15 13:01:13,2018-03-15 13:01:20,AMPL4,7.0
2018-03-15 13:01:12,2018-03-15 13:01:21,AMPL4,9.0
2018-03-15 13:01:12,2018-03-15 13:01:21,AMPL4,9.0
2018-03-15 13:01:12,2018-03-15 13:01:21,AMPL4,9.0
2018-03-15 13:01:12,2018-03-15 13:01:21,AMPL4,9.0
2018-03-15 13:01:11,2018-03-15 13:01:20,AMPL4,9.0
2018-03-15 13:01:15,2018-03-15 13:01:44,AMPL4,29.0
2018-03-15 13:01:16,2018-03-15 13:01:44,AMPL4,28.0
2018-03-15 13:01:16,2018-03-15 13:01:58,AMPL4,42.0
2018-03-15 13:01:15,2018-03-15 13:01:53,AMPL4,38.0
2018-03-15 13:01:15,2018-03-15 13:01:57,AMPL4,42.0
2018-03-15 13:01:16,2018-03-15 13:01:54,AMPL4,38.0
2018-03-15 13:01:16,2018-03-15 13:01:52,AMPL4,36.0
2018-03-15 13:01:15,2018-03-15 13:01:50,AMPL4,35.0
2018-03-15 13:01:16,2018-03-15 13:01:44,AMPL4,28.0
2018-03-15 13:01:16,2018-03-15 13:01:38,AMPL4,22.0
2018-03-15 13:01:12,2018-03-15 13:01:20,AMPL4,8.0
2018-03-15 13:01:12,2018-03-15 13:01:21,AMPL4,9.0
2018-03-15 13:01:12,2018-03-15 13:01:21,AMPL4,9.0
2018-03-15 13:01:13,2018-03-15 13:01:20,AMPL4,7.0
2018-03-15 13:01:13,2018-03-15 13:01:22,AMPL4,9.0
2018-03-15 13:01:14,2018-03-15 13:01:28,AMPL4,14.0
2018-03-15 13:01:13,2018-03-15 13:01:29,AMPL4,16.0
2018-03-15 13:01:12,2018-03-15 13:01:26,AMPL4,14.0
2018-03-15 13:01:14,2018-03-15 13:01:29,AMPL4,15.0
2018-03-15 13:01:13,2018-03-15 13:01:30,AMPL4,17.0
2018-03-15 13:01:12,2018-03-15 13:01:27,AMPL4,15.0
2018-03-15 13:01:14,2018-03-15 13:01:27,AMPL4,13.0
2018-03-15 13:01:13,2018-03-15 13:01:27,AMPL4,14.0
2018-03-15 13:01:14,2018-03-15 13:01:27,AMPL4,13.0
2018-03-15 13:01:12,2018-03-15 13:01:25,AMPL4,13.0
2018-03-15 13:01:14,2018-03-15 13:01:25,AMPL4,11.0
2018-03-15 13:01:13,2018-03-15 13:01:22,AMPL4,9.0
2018-03-15 13:01:14,2018-03-15 13:01:23,AMPL4,9.0
2018-03-15 13:01:14,2018-03-15 13:01:25,AMPL4,11.0
2018-03-15 13:01:12,2018-03-15 13:01:23,AMPL4,11.0
2018-03-15 13:01:13,2018-03-15 13:01:32,AMPL4,19.0
2018-03-15 13:01:13,2018-03-15 13:01:31,AMPL4,18.0
2018-03-15 13:01:13,2018-03-15 13:01:30,AMPL4,17.0
2018-03-15 13:01:13,2018-03-15 13:01:33,AMPL4,20.0
2018-03-15 13:01:13,2018-03-15 13:01:32,AMPL4,19.0
2018-03-15 13:01:13,2018-03-15 13:01:28,AMPL4,15.0
2018-03-15 13:01:13,2018-03-15 13:01:29,AMPL4,16.0
2018-03-15 13:01:13,2018-03-15 13:01:29,AMPL4,16.0
2018-03-15 13:01:13,2018-03-15 13:01:29,AMPL4,16.0
2018-03-15 13:01:13,2018-03-15 13:01:27,AMPL4,14.0
2018-02-23 10:56:07,2018-02-23 10:57:05,CH1,58.0
2018-02-23 10:56:07,2018-02-23 10:57:04,CH1,57.0
2018-02-23 10:56:07,2018-02-23 10:57:06,CH1,59.0
2018-02-23 10:56:07,2018-02-23 10:57:04,CH1,57.0
2018-02-23 10:56:07,2018-02-23 10:57:04,CH1,57.0
2018-02-23 10:56:07,2018-02-23 10:57:06,CH1,59.0
2018-02-23 10:56:07,2018-02-23 10:57:04,CH1,57.0
2018-02-23 10:56:07,2018-02-23 10:57:03,CH1,56.0
2018-02-23 10:56:07,2018-02-23 10:57:05,CH1,58.0
2018-02-23 10:56:07,2018-02-23 10:57:05,CH1,58.0
2018-02-21 20:39:38,2018-02-21 20:41:32,CH1,114.0
2018-02-21 20:39:37,2018-02-21 20:41:29,CH1,112.0
2018-02-21 15:09:13,2018-02-21 15:12:53,CH1,220.0
2018-02-21 15:09:13,2018-02-21 15:12:17,CH1,184.0
2018-02-21 15:09:22,2018-02-21 15:12:24,CH1,182.0
2018-02-21 20:39:37,2018-02-21 20:41:09,CH1,92.0
2018-02-21 15:09:14,2018-02-21 15:12:42,CH1,208.0
2018-02-21 15:09:21,2018-02-21 15:12:23,CH1,182.0
2018-02-21 20:39:37,2018-02-21 20:41:09,CH1,92.0
2018-02-21 15:09:21,2018-02-21 15:12:12,CH1,171.0
2018-02-21 15:09:26,2018-02-21 15:15:09,CH1,343.0
2018-02-21 15:09:25,2018-02-21 15:14:37,CH1,312.0
2018-02-21 15:09:25,2018-02-21 15:14:21,CH1,296.0
2018-02-21 15:09:25,2018-02-21 15:13:49,CH1,264.0
2018-02-21 15:09:22,2018-02-21 15:15:05,CH1,343.0
2018-02-21 15:09:22,2018-02-21 15:14:17,CH1,295.0
2018-02-21 20:39:38,2018-02-21 20:41:30,CH1,112.0
2018-02-21 20:39:37,2018-02-21 20:41:08,CH1,91.0
2018-02-21 15:09:26,2018-02-21 15:12:24,CH1,178.0
2018-02-21 15:09:25,2018-02-21 15:14:27,CH1,302.0
2018-02-21 15:09:14,2018-02-21 15:11:16,CH1,122.0
2018-02-21 15:09:12,2018-02-21 15:11:14,CH1,122.0
2018-02-21 20:39:37,2018-02-21 20:41:08,CH1,91.0
2018-02-21 15:09:11,2018-02-21 15:11:01,CH1,110.0
2018-02-21 15:09:12,2018-02-21 15:11:23,CH1,131.0
2018-02-21 15:09:19,2018-02-21 15:11:13,CH1,114.0
2018-02-21 15:09:13,2018-02-21 15:11:21,CH1,128.0
2018-02-21 15:09:12,2018-02-21 15:11:26,CH1,134.0
2018-02-21 15:09:11,2018-02-21 15:11:16,CH1,125.0
2018-02-21 20:39:37,2018-02-21 20:41:12,CH1,95.0
2018-02-21 15:37:07,2018-02-21 15:38:59,CH1,112.0
2018-02-21 15:37:07,2018-02-21 15:39:01,CH1,114.0
2018-02-21 15:37:07,2018-02-21 15:39:03,CH1,116.0
2018-02-21 15:37:07,2018-02-21 15:39:01,CH1,114.0
2018-02-21 15:37:07,2018-02-21 15:38:51,CH1,104.0
2018-02-21 15:37:07,2018-02-21 15:39:03,CH1,116.0
2018-02-21 15:37:07,2018-02-21 15:39:07,CH1,120.0
2018-02-21 15:37:07,2018-02-21 15:39:02,CH1,115.0
2018-02-21 15:37:07,2018-02-21 15:39:03,CH1,116.0
2018-02-21 15:37:07,2018-02-21 15:38:55,CH1,108.0
2018-02-23 12:06:19,2018-02-23 12:07:03,CH2,44.0
2018-02-23 12:06:19,2018-02-23 12:07:06,CH2,47.0
2018-02-23 12:06:19,2018-02-23 12:07:03,CH2,44.0
2018-02-23 12:06:19,2018-02-23 12:07:04,CH2,45.0
2018-02-23 12:06:19,2018-02-23 12:07:10,CH2,51.0
2018-02-23 12:06:19,2018-02-23 12:07:08,CH2,49.0
2018-02-23 12:06:19,2018-02-23 12:07:04,CH2,45.0
2018-02-23 12:06:19,2018-02-23 12:07:07,CH2,48.0
2018-02-23 12:06:19,2018-02-23 12:07:06,CH2,47.0
2018-02-23 12:06:19,2018-02-23 12:07:05,CH2,46.0
2018-02-22 21:42:59,2018-02-22 21:45:20,CH2,141.0
2018-02-22 21:42:57,2018-02-22 21:45:03,CH2,126.0
2018-02-22 21:42:59,2018-02-22 21:45:10,CH2,131.0
2018-02-22 21:42:55,2018-02-22 21:44:46,CH2,111.0
2018-02-22 21:42:59,2018-02-22 21:45:12,CH2,133.0
2018-02-22 21:42:59,2018-02-22 21:45:01,CH2,122.0
2018-02-22 21:42:59,2018-02-22 21:45:31,CH2,152.0
2018-02-22 21:42:55,2018-02-22 21:44:52,CH2,117.0
2018-02-22 21:43:03,2018-02-22 21:45:10,CH2,127.0
2018-02-22 21:42:58,2018-02-22 21:45:11,CH2,133.0
2018-02-22 21:42:56,2018-02-22 21:46:41,CH2,225.0
2018-02-22 21:43:05,2018-02-22 21:46:16,CH2,191.0
2018-02-22 21:43:05,2018-02-22 21:46:19,CH2,194.0
2018-02-22 21:43:02,2018-02-22 21:46:21,CH2,199.0
2018-02-22 21:42:56,2018-02-22 21:46:27,CH2,211.0
2018-02-22 21:43:05,2018-02-22 21:46:41,CH2,216.0
2018-02-22 21:43:03,2018-02-22 21:46:35,CH2,212.0
2018-02-22 21:42:56,2018-02-22 21:46:19,CH2,203.0
2018-02-22 21:43:04,2018-02-22 21:46:47,CH2,223.0
2018-02-22 21:43:02,2018-02-22 21:46:35,CH2,213.0
2018-02-22 21:42:57,2018-02-22 21:44:15,CH2,78.0
2018-02-22 21:42:56,2018-02-22 21:44:14,CH2,78.0
2018-02-22 21:42:55,2018-02-22 21:44:12,CH2,77.0
2018-02-22 21:42:55,2018-02-22 21:44:10,CH2,75.0
2018-02-22 21:42:55,2018-02-22 21:44:12,CH2,77.0
2018-02-22 21:42:55,2018-02-22 21:44:10,CH2,75.0
2018-02-22 21:42:56,2018-02-22 21:44:16,CH2,80.0
2018-02-22 21:42:57,2018-02-22 21:44:15,CH2,78.0
2018-02-22 21:42:57,2018-02-22 21:44:16,CH2,79.0
2018-02-22 21:42:55,2018-02-22 21:44:15,CH2,80.0
2018-02-22 22:42:56,2018-02-22 22:44:27,CH2,91.0
2018-02-22 22:42:56,2018-02-22 22:44:08,CH2,72.0
2018-02-22 22:42:56,2018-02-22 22:44:07,CH2,71.0
2018-02-22 22:42:56,2018-02-22 22:44:23,CH2,87.0
2018-02-22 22:42:56,2018-02-22 22:44:10,CH2,74.0
2018-02-22 22:42:56,2018-02-22 22:44:20,CH2,84.0
2018-02-22 22:42:56,2018-02-22 22:44:20,CH2,84.0
2018-02-22 22:42:56,2018-02-22 22:44:09,CH2,73.0
2018-02-22 22:42:56,2018-02-22 22:44:16,CH2,80.0
2018-02-22 22:42:56,2018-02-22 22:44:11,CH2,75.0
2018-02-23 20:07:52,2018-02-23 20:09:21,M1,89.0
2018-02-23 20:07:53,2018-02-23 20:09:27,M1,94.0
2018-02-23 20:07:52,2018-02-23 20:09:23,M1,91.0
2018-02-23 20:07:52,2018-02-23 20:09:23,M1,91.0
2018-02-23 20:07:52,2018-02-23 20:09:21,M1,89.0
2018-02-23 22:37:01,2018-02-23 22:38:28,M1,87.0
2018-02-23 22:37:01,2018-02-23 22:38:30,M1,89.0
2018-02-23 22:37:01,2018-02-23 22:38:30,M1,89.0
2018-02-23 22:37:01,2018-02-23 22:38:31,M1,90.0
2018-02-23 22:37:01,2018-02-23 22:38:28,M1,87.0
2018-02-23 19:22:45,2018-02-23 19:26:08,M1,203.0
2018-02-23 19:22:45,2018-02-23 19:26:08,M1,203.0
2018-02-23 19:22:45,2018-02-23 19:26:14,M1,209.0
2018-02-23 19:22:45,2018-02-23 19:26:12,M1,207.0
2018-02-23 19:22:45,2018-02-23 19:25:59,M1,194.0
2018-03-08 10:33:54,2018-03-08 10:35:20,M1,86.0
2018-03-08 10:33:54,2018-03-08 10:35:14,M1,80.0
2018-03-08 10:33:54,2018-03-08 10:35:16,M1,82.0
2018-03-08 10:33:54,2018-03-08 10:35:17,M1,83.0
2018-02-23 19:07:59,2018-02-23 19:12:04,M1,245.0
2018-03-08 10:33:54,2018-03-08 10:35:19,M1,85.0
2018-02-23 19:07:59,2018-02-23 19:11:56,M1,237.0
2018-03-08 10:33:54,2018-03-08 10:35:16,M1,82.0
2018-03-08 10:33:54,2018-03-08 10:35:18,M1,84.0
2018-03-08 10:33:54,2018-03-08 10:35:19,M1,85.0
2018-03-08 10:33:54,2018-03-08 10:35:19,M1,85.0
2018-03-08 10:33:54,2018-03-08 10:35:16,M1,82.0
2018-03-08 10:33:54,2018-03-08 10:35:17,M1,83.0
2018-02-23 19:08:08,2018-02-23 19:16:10,M1,482.0
2018-03-08 10:33:54,2018-03-08 10:35:19,M1,85.0
2018-02-23 19:07:55,2018-02-23 19:10:16,M1,141.0
2018-02-23 19:07:55,2018-02-23 19:10:22,M1,147.0
2018-02-23 19:07:55,2018-02-23 19:10:19,M1,144.0
2018-03-08 10:33:54,2018-03-08 10:35:19,M1,85.0
2018-03-08 10:33:54,2018-03-08 10:35:19,M1,85.0
2018-02-23 19:07:56,2018-02-23 19:10:17,M1,141.0
2018-03-08 10:33:54,2018-03-08 10:35:13,M1,79.0
2018-03-08 10:33:54,2018-03-08 10:35:15,M1,81.0
2018-03-08 11:18:20,2018-03-08 11:19:34,M1,74.0
2018-02-23 19:07:56,2018-02-23 19:10:16,M1,140.0
2018-02-23 20:07:53,2018-02-23 20:10:06,M1,133.0
2018-02-23 20:07:53,2018-02-23 20:10:17,M1,144.0
2018-02-23 20:07:53,2018-02-23 20:10:12,M1,139.0
2018-02-23 20:07:53,2018-02-23 20:10:16,M1,143.0
2018-02-23 20:07:53,2018-02-23 20:10:05,M1,132.0
2018-02-23 20:07:53,2018-02-23 20:10:15,M1,142.0
2018-02-23 20:07:53,2018-02-23 20:10:20,M1,147.0
2018-02-23 20:07:53,2018-02-23 20:10:14,M1,141.0
2018-02-23 20:07:53,2018-02-23 20:10:14,M1,141.0
2018-02-23 20:07:53,2018-02-23 20:10:19,M1,146.0
2018-02-24 02:20:13,2018-02-24 02:21:42,M2,89.0
2018-02-24 02:20:13,2018-02-24 02:21:43,M2,90.0
2018-02-24 02:20:13,2018-02-24 02:21:42,M2,89.0
2018-02-24 02:20:13,2018-02-24 02:21:47,M2,94.0
2018-02-24 02:20:13,2018-02-24 02:21:44,M2,91.0
2018-02-24 04:41:47,2018-02-24 04:43:10,M2,83.0
2018-02-24 04:41:47,2018-02-24 04:43:10,M2,83.0
2018-02-24 04:41:47,2018-02-24 04:43:07,M2,80.0
2018-02-24 04:41:47,2018-02-24 04:43:09,M2,82.0
2018-02-24 04:41:47,2018-02-24 04:43:10,M2,83.0
2018-03-08 11:18:21,2018-03-08 11:19:32,M2,71.0
2018-02-24 01:20:18,2018-02-24 01:23:53,M2,215.0
2018-03-08 11:18:21,2018-03-08 11:19:36,M2,75.0
2018-02-24 01:20:18,2018-02-24 01:23:36,M2,198.0
2018-02-24 01:20:18,2018-02-24 01:23:49,M2,211.0
2018-03-08 11:18:20,2018-03-08 11:19:33,M2,73.0
2018-02-24 01:20:18,2018-02-24 01:23:16,M2,178.0
2018-02-24 01:20:16,2018-02-24 01:23:39,M2,203.0
2018-02-24 01:20:18,2018-02-24 01:23:55,M2,217.0
2018-02-24 01:20:19,2018-02-24 01:23:57,M2,218.0
2018-02-24 01:20:20,2018-02-24 01:23:34,M2,194.0
2018-03-08 11:18:20,2018-03-08 11:19:32,M2,72.0
2018-02-24 01:20:19,2018-02-24 01:23:44,M2,205.0
2018-02-24 01:20:17,2018-02-24 01:23:52,M2,215.0
2018-02-24 01:20:17,2018-02-24 01:24:07,M2,230.0
2018-03-08 11:18:21,2018-03-08 11:19:37,M2,76.0
2018-03-08 11:18:21,2018-03-08 11:19:36,M2,75.0
2018-02-24 01:20:17,2018-02-24 01:22:38,M2,141.0
2018-02-24 01:20:18,2018-02-24 01:22:39,M2,141.0
2018-03-08 11:18:21,2018-03-08 11:19:35,M2,74.0
2018-03-08 11:18:20,2018-03-08 11:19:32,M2,72.0
2018-02-24 01:20:18,2018-02-24 01:22:38,M2,140.0
2018-02-24 01:20:17,2018-02-24 01:22:37,M2,140.0
2018-02-24 01:20:18,2018-02-24 01:22:41,M2,143.0
2018-02-24 01:20:16,2018-02-24 01:22:41,M2,145.0
2018-02-24 02:20:14,2018-02-24 02:22:41,M2,147.0
2018-02-24 02:20:14,2018-02-24 02:22:33,M2,139.0
2018-02-24 02:20:14,2018-02-24 02:22:44,M2,150.0
2018-02-24 02:20:15,2018-02-24 02:22:42,M2,147.0
2018-02-24 02:20:15,2018-02-24 02:22:47,M2,152.0
2018-02-24 02:20:14,2018-02-24 02:22:44,M2,150.0
2018-02-24 02:20:14,2018-02-24 02:22:51,M2,157.0
2018-02-24 02:20:14,2018-02-24 02:22:51,M2,157.0
2018-02-24 02:20:14,2018-02-24 02:22:50,M2,156.0
2018-02-24 02:20:14,2018-02-24 02:22:35,M2,141.0
2018-02-24 02:20:14,2018-02-24 02:22:56,M2,162.0
2018-02-24 02:20:14,2018-02-24 02:22:55,M2,161.0
2018-02-24 02:20:14,2018-02-24 02:22:41,M2,147.0
2018-02-24 02:20:14,2018-02-24 02:22:42,M2,148.0
2018-02-24 02:20:14,2018-02-24 02:22:50,M2,156.0
2018-03-05 14:40:31,2018-03-05 14:43:00,G1,149.0
2018-03-05 14:40:30,2018-03-05 14:42:54,G1,144.0
2018-03-05 14:40:31,2018-03-05 14:42:57,G1,146.0
2018-03-05 14:40:31,2018-03-05 14:43:06,G1,155.0
2018-03-05 14:40:31,2018-03-05 14:42:58,G1,147.0
2018-03-05 14:40:31,2018-03-05 14:42:53,G1,142.0
2018-03-05 14:40:30,2018-03-05 14:43:01,G1,151.0
2018-03-05 14:40:31,2018-03-05 14:43:00,G1,149.0
2018-03-05 14:40:30,2018-03-05 14:42:53,G1,143.0
2018-03-05 14:40:31,2018-03-05 14:42:52,G1,141.0
2018-03-08 11:18:21,2018-03-08 11:20:32,G1,131.0
2018-03-08 11:18:20,2018-03-08 11:20:36,G1,136.0
2018-03-08 11:18:21,2018-03-08 11:20:31,G1,130.0
2018-03-08 11:18:21,2018-03-08 11:20:34,G1,133.0
2018-03-06 08:44:47,2018-03-06 08:57:35,G1,768.0
2018-03-08 11:18:21,2018-03-08 11:20:32,G1,131.0
2018-03-06 08:44:48,2018-03-06 08:57:55,G1,787.0
2018-03-06 08:44:47,2018-03-06 08:58:28,G1,821.0
2018-03-06 08:44:48,2018-03-06 08:58:45,G1,837.0
2018-03-06 08:44:47,2018-03-06 08:51:53,G1,426.0
2018-03-06 10:22:58,2018-03-06 10:25:03,G1,125.0
2018-03-06 10:22:58,2018-03-06 10:25:00,G1,122.0
2018-03-06 10:22:58,2018-03-06 10:25:01,G1,123.0
2018-03-06 10:22:58,2018-03-06 10:24:57,G1,119.0
2018-03-06 10:22:58,2018-03-06 10:24:57,G1,119.0
2018-03-06 10:49:19,2018-03-06 10:51:22,G1,123.0
2018-03-06 10:49:18,2018-03-06 10:51:21,G1,123.0
2018-03-06 10:49:18,2018-03-06 10:51:23,G1,125.0
2018-03-06 10:49:18,2018-03-06 10:51:22,G1,124.0
2018-03-06 10:49:18,2018-03-06 10:51:18,G1,120.0
2018-03-06 10:54:59,2018-03-06 10:57:21,G1,142.0
2018-03-06 10:54:59,2018-03-06 10:57:17,G1,138.0
2018-03-06 10:54:59,2018-03-06 10:57:16,G1,137.0
2018-03-06 10:54:59,2018-03-06 10:57:10,G1,131.0
2018-03-06 10:54:59,2018-03-06 10:57:16,G1,137.0
2018-03-06 10:56:33,2018-03-06 10:58:42,G1,129.0
2018-03-06 10:56:34,2018-03-06 10:58:42,G1,128.0
2018-03-06 10:56:34,2018-03-06 10:58:44,G1,130.0
2018-03-06 10:56:34,2018-03-06 10:58:46,G1,132.0
2018-03-06 10:56:34,2018-03-06 10:58:46,G1,132.0
2018-03-05 14:40:31,2018-03-05 14:43:16,G1,165.0
2018-03-05 14:40:30,2018-03-05 14:42:52,G1,142.0
2018-03-05 14:40:31,2018-03-05 14:42:56,G1,145.0
2018-03-05 14:40:31,2018-03-05 14:42:59,G1,148.0
2018-03-05 14:40:31,2018-03-05 14:43:02,G1,151.0
2018-03-05 14:40:34,2018-03-05 14:42:48,G1,134.0
2018-03-05 14:40:34,2018-03-05 14:42:48,G1,134.0
2018-03-05 14:40:33,2018-03-05 14:42:53,G1,140.0
2018-03-05 14:40:34,2018-03-05 14:42:47,G1,133.0
2018-03-05 14:40:34,2018-03-05 14:42:53,G1,139.0
2018-03-07 10:19:19,2018-03-07 10:21:08,G2,109.0
2018-03-07 10:19:19,2018-03-07 10:21:05,G2,106.0
2018-03-07 10:19:19,2018-03-07 10:21:04,G2,105.0
2018-03-07 10:19:19,2018-03-07 10:21:07,G2,108.0
2018-03-07 10:19:19,2018-03-07 10:21:05,G2,106.0
2018-03-07 10:19:19,2018-03-07 10:21:04,G2,105.0
2018-03-07 10:19:19,2018-03-07 10:21:08,G2,109.0
2018-03-07 10:19:19,2018-03-07 10:21:06,G2,107.0
2018-03-07 10:19:19,2018-03-07 10:21:04,G2,105.0
2018-03-07 10:19:19,2018-03-07 10:21:05,G2,106.0
2018-03-07 09:19:55,2018-03-07 09:23:39,G2,224.0
2018-03-07 09:19:55,2018-03-07 09:23:44,G2,229.0
2018-03-07 09:19:55,2018-03-07 09:23:51,G2,236.0
2018-03-07 09:19:54,2018-03-07 09:23:48,G2,234.0
2018-03-07 09:19:55,2018-03-07 09:23:17,G2,202.0
2018-03-07 10:37:23,2018-03-07 10:39:19,G2,116.0
2018-03-07 10:37:23,2018-03-07 10:39:12,G2,109.0
2018-03-07 10:37:23,2018-03-07 10:39:20,G2,117.0
2018-03-07 10:37:23,2018-03-07 10:39:16,G2,113.0
2018-03-07 10:37:23,2018-03-07 10:39:19,G2,116.0
2018-03-07 10:38:27,2018-03-07 10:40:39,G2,132.0
2018-03-07 10:38:27,2018-03-07 10:40:41,G2,134.0
2018-03-07 10:38:27,2018-03-07 10:40:32,G2,125.0
2018-03-07 10:38:27,2018-03-07 10:40:42,G2,135.0
2018-03-07 10:38:27,2018-03-07 10:40:38,G2,131.0
2018-03-07 10:38:27,2018-03-07 10:40:39,G2,132.0
2018-03-07 10:38:27,2018-03-07 10:40:44,G2,137.0
2018-03-07 10:38:27,2018-03-07 10:40:43,G2,136.0
2018-03-07 10:38:27,2018-03-07 10:40:38,G2,131.0
2018-03-07 10:38:27,2018-03-07 10:40:46,G2,139.0
2018-03-07 15:33:19,2018-03-07 15:35:11,G2,112.0
2018-03-07 15:33:19,2018-03-07 15:35:09,G2,110.0
2018-03-07 15:33:19,2018-03-07 15:35:09,G2,110.0
2018-03-07 15:33:19,2018-03-07 15:35:10,G2,111.0
2018-03-07 15:33:19,2018-03-07 15:35:06,G2,107.0
2018-03-07 15:53:28,2018-03-07 15:55:18,G2,110.0
2018-03-07 15:53:28,2018-03-07 15:55:15,G2,107.0
2018-03-07 15:53:28,2018-03-07 15:55:17,G2,109.0
2018-03-07 15:53:28,2018-03-07 15:55:20,G2,112.0
2018-03-07 15:53:28,2018-03-07 15:55:13,G2,105.0
2018-03-07 15:58:38,2018-03-07 16:00:32,G2,114.0
2018-03-07 15:58:38,2018-03-07 16:00:32,G2,114.0
2018-03-07 15:58:38,2018-03-07 16:00:32,G2,114.0
2018-03-07 15:58:38,2018-03-07 16:00:32,G2,114.0
2018-03-07 15:58:38,2018-03-07 16:00:35,G2,117.0
2018-03-07 16:04:51,2018-03-07 16:07:03,G2,132.0
2018-03-07 16:04:51,2018-03-07 16:06:51,G2,120.0
2018-03-07 16:04:51,2018-03-07 16:06:58,G2,127.0
2018-03-07 16:04:51,2018-03-07 16:06:54,G2,123.0
2018-03-07 16:04:51,2018-03-07 16:06:47,G2,116.0
